,label,cap-shape,cap-surface,cap-color,bruises,gill-attachment,gill-spacing,gill-size,gill-color,stalk-shape,stalk-root,stalk-surface-above-ring,stalk-surface-below-ring,stalk-color-above-ring,stalk-color-below-ring,veil-type,veil-color,ring-number,ring-type,spore-print-color,population,habitat
0,p,x,y,y,f,f,c,b,g,e,b,k,k,n,p,p,w,o,l,h,v,g
1,e,b,s,w,t,f,c,b,g,e,c,s,s,w,w,p,w,o,p,k,n,m
2,e,f,f,g,t,f,c,b,n,t,b,s,s,p,p,p,w,o,p,k,v,d
3,p,x,s,w,t,f,c,b,p,t,b,f,s,w,w,p,w,o,p,h,s,g
4,e,x,f,e,t,f,c,b,u,t,b,s,s,w,p,p,w,o,p,n,v,d
5,e,x,f,e,t,f,c,b,n,t,b,s,s,w,g,p,w,o,p,k,v,d
6,e,f,y,n,f,f,c,b,w,e,b,y,y,n,n,p,w,t,p,w,y,d
7,p,x,f,g,f,f,c,b,g,e,b,k,k,p,p,p,w,o,l,h,y,d
8,e,f,s,n,f,f,w,b,p,t,e,f,f,w,w,p,w,o,e,k,s,g
9,e,f,f,y,t,f,w,n,w,t,b,s,s,w,w,p,w,o,p,n,v,d
10,p,x,y,y,f,f,c,b,g,e,b,k,k,n,n,p,w,o,l,h,v,p
11,p,x,s,b,t,f,c,b,p,t,b,s,s,w,w,p,w,o,p,h,s,g
12,p,f,y,g,f,f,c,b,h,e,b,k,k,p,n,p,w,o,l,h,y,p
13,p,f,f,g,f,f,c,b,g,e,b,k,k,b,b,p,w,o,l,h,v,d
14,e,f,f,e,t,f,c,b,w,t,b,s,s,g,g,p,w,o,p,k,y,d
15,e,f,f,g,t,f,c,b,n,t,b,s,s,w,p,p,w,o,p,k,v,d
16,e,f,f,n,f,f,c,n,p,e,e,s,s,w,w,p,w,o,p,n,y,u
17,e,x,y,n,t,f,c,b,p,t,b,s,s,w,g,p,w,o,p,n,v,d
18,e,f,f,e,t,f,c,b,w,t,b,s,s,p,p,p,w,o,p,k,v,d
19,e,x,y,y,t,f,c,b,n,e,c,s,s,w,w,p,w,o,p,k,s,g
20,e,f,f,g,t,f,c,b,n,t,b,s,s,p,g,p,w,o,p,n,y,d
21,p,f,f,g,f,f,c,b,h,e,b,k,k,p,p,p,w,o,l,h,y,p
22,e,f,s,g,f,f,w,b,n,t,e,f,s,w,w,p,w,o,e,k,s,g
23,p,x,f,y,f,f,c,b,p,e,b,k,k,b,b,p,w,o,l,h,v,g
24,p,x,f,y,f,f,c,b,p,e,b,k,k,b,b,p,w,o,l,h,y,g
25,e,x,y,y,t,f,c,b,p,e,r,s,y,w,w,p,w,o,p,n,y,p
26,e,f,f,g,f,f,w,b,p,t,e,s,f,w,w,p,w,o,e,k,a,g
27,p,f,s,g,t,f,c,b,p,t,b,s,f,w,w,p,w,o,p,h,v,g
28,p,f,f,g,f,f,c,b,g,e,b,k,k,n,b,p,w,o,l,h,y,p
29,p,b,s,b,t,f,c,b,w,e,b,s,s,w,w,p,w,t,p,r,v,m
30,e,x,s,y,t,f,c,b,g,e,c,s,s,w,w,p,w,o,p,k,s,g
31,p,f,y,y,f,f,c,b,h,e,b,k,k,p,p,p,w,o,l,h,y,p
32,e,f,f,n,f,f,c,n,g,e,e,s,s,w,w,p,w,o,p,k,v,u
33,e,f,f,e,t,f,c,b,w,t,b,s,s,g,g,p,w,o,p,n,y,d
34,p,x,f,y,f,f,c,b,g,e,b,k,k,p,p,p,w,o,l,h,y,g
35,e,f,f,e,t,f,c,b,n,t,b,s,s,g,w,p,w,o,p,n,v,d
36,p,x,f,g,f,f,c,b,p,e,b,k,k,b,n,p,w,o,l,h,y,p
37,p,x,f,y,f,f,c,b,g,e,b,k,k,p,b,p,w,o,l,h,v,g
38,e,f,y,g,t,f,c,b,p,t,b,s,s,p,g,p,w,o,p,n,v,d
39,e,f,s,g,f,f,w,b,p,t,e,f,f,w,w,p,w,o,e,n,a,g
40,e,x,f,g,f,f,w,b,n,t,e,s,f,w,w,p,w,o,e,k,a,g
41,p,f,f,g,f,f,c,b,h,e,b,k,k,n,b,p,w,o,l,h,v,g
42,e,f,y,n,f,f,w,n,w,e,b,f,s,w,n,p,w,o,e,w,v,l
43,e,f,f,g,f,f,w,b,n,t,e,s,s,w,w,p,w,o,e,k,s,g
44,p,f,f,y,f,f,c,b,g,e,b,k,k,n,n,p,w,o,l,h,y,g
45,e,b,s,y,t,f,c,b,w,e,c,s,s,w,w,p,w,o,p,n,s,m
46,p,k,y,c,f,a,c,b,w,e,c,k,y,c,c,p,w,n,n,w,c,d
47,e,x,f,n,t,f,c,b,p,t,b,s,s,w,w,p,w,o,p,n,y,d
48,e,x,f,w,f,f,w,b,n,t,e,s,f,w,w,p,w,o,e,n,s,g
49,e,f,s,n,f,f,w,b,p,t,e,f,f,w,w,p,w,o,e,n,s,g
50,e,f,y,e,t,f,c,b,n,t,b,s,s,w,p,p,w,o,p,n,v,d
51,p,x,f,g,f,f,w,n,g,e,b,s,s,w,w,p,w,o,p,k,s,d
52,p,x,s,g,t,f,c,b,p,t,b,f,f,w,w,p,w,o,p,h,v,g
53,e,f,f,g,t,f,c,b,n,t,b,s,s,g,w,p,w,o,p,k,y,d
54,p,f,y,y,f,f,c,b,g,e,b,k,k,n,b,p,w,o,l,h,y,g
55,e,x,y,w,t,f,c,b,n,e,c,s,s,w,w,p,w,o,p,n,n,g
56,e,x,y,e,t,f,c,b,n,t,b,s,s,w,p,p,w,o,p,n,y,d
57,e,x,s,n,f,f,w,b,k,t,e,f,f,w,w,p,w,o,e,n,a,g
58,e,f,f,n,t,f,c,b,w,t,b,s,s,g,w,p,w,o,p,k,v,d
59,e,x,s,y,t,f,c,b,w,e,c,s,s,w,w,p,w,o,p,n,s,g
60,p,f,s,w,t,f,c,b,w,t,b,s,f,w,w,p,w,o,p,h,s,g
61,p,x,s,y,t,f,c,b,g,e,c,s,s,w,w,p,w,o,p,k,s,m
62,e,f,f,n,t,f,c,b,p,t,b,s,s,g,w,p,w,o,p,n,y,d
63,e,f,f,e,t,f,c,b,n,t,b,s,s,g,w,p,w,o,p,n,y,d
64,p,x,y,w,t,f,c,b,w,e,c,s,s,w,w,p,w,o,p,k,n,m
65,e,b,y,w,t,f,c,b,k,e,c,s,s,w,w,p,w,o,p,k,s,m
66,e,b,y,y,t,f,c,b,n,e,c,s,s,w,w,p,w,o,p,n,n,m
67,p,f,f,g,f,f,c,b,g,e,b,k,k,n,n,p,w,o,l,h,y,d
68,e,x,y,e,t,f,c,b,w,t,b,s,s,g,p,p,w,o,p,k,y,d
69,p,f,f,y,f,f,c,b,g,e,b,k,k,b,p,p,w,o,l,h,y,d
70,e,x,f,n,t,f,c,b,u,t,b,s,s,p,p,p,w,o,p,n,v,d
71,p,x,f,g,f,f,c,n,p,e,b,s,s,w,w,p,w,o,p,n,v,d
72,p,x,y,y,f,f,c,b,h,e,b,k,k,p,n,p,w,o,l,h,y,p
73,e,f,s,g,f,f,w,b,h,t,e,f,s,w,w,p,w,o,e,k,a,g
74,p,x,s,b,t,f,c,b,p,t,b,f,s,w,w,p,w,o,p,h,s,g
75,p,x,y,n,t,f,c,n,k,e,e,s,s,w,w,p,w,o,p,k,s,u
76,e,f,y,y,t,f,c,b,n,e,r,s,y,w,w,p,w,o,p,k,y,g
77,e,x,y,n,t,f,c,b,w,t,b,s,s,g,w,p,w,o,p,k,y,d
78,p,k,y,c,f,a,c,b,y,e,c,k,y,c,c,p,w,n,n,w,c,d
79,e,f,f,w,f,f,w,b,k,t,e,s,s,w,w,p,w,o,e,k,s,g
80,e,f,y,e,t,f,c,b,n,t,b,s,s,w,w,p,w,o,p,k,v,d
81,e,k,y,n,f,f,w,n,w,e,b,s,s,w,n,p,w,o,e,w,v,l
82,e,x,s,g,f,f,w,b,p,t,e,s,f,w,w,p,w,o,e,k,s,g
83,e,x,s,g,f,f,w,b,p,t,e,s,s,w,w,p,w,o,e,k,a,g
84,e,f,f,n,f,f,w,b,n,t,e,s,f,w,w,p,w,o,e,n,s,g
85,p,f,y,w,t,f,c,n,n,e,e,s,s,w,w,p,w,o,p,k,s,g
86,e,x,f,e,t,f,c,b,w,t,b,s,s,g,g,p,w,o,p,k,v,d
87,e,s,f,g,f,f,c,n,k,e,e,s,s,w,w,p,w,o,p,k,v,u
88,e,b,y,y,t,f,c,b,k,e,c,s,s,w,w,p,w,o,p,k,n,m
89,e,x,y,n,t,f,c,b,w,e,b,s,s,w,w,p,w,t,p,w,v,p
90,p,x,f,g,f,f,c,b,p,e,b,k,k,p,n,p,w,o,l,h,v,g
91,e,b,s,y,t,f,c,b,w,e,c,s,s,w,w,p,w,o,p,n,n,m
92,p,f,f,g,f,f,c,b,h,e,b,k,k,n,p,p,w,o,l,h,v,p
93,e,f,y,n,t,f,c,n,p,e,e,s,s,w,w,p,w,o,p,k,s,g
94,p,f,f,g,f,f,c,b,g,e,b,k,k,b,n,p,w,o,l,h,y,p
95,e,x,f,g,t,f,c,b,w,t,b,s,s,w,p,p,w,o,p,k,y,d
96,e,f,f,e,t,f,c,b,n,t,b,s,s,p,p,p,w,o,p,n,v,d
97,e,f,s,n,f,f,w,b,h,t,e,s,s,w,w,p,w,o,e,n,a,g
98,p,x,f,g,f,f,c,b,p,e,b,k,k,p,n,p,w,o,l,h,y,d
99,e,x,f,e,t,f,c,b,u,t,b,s,s,w,w,p,w,o,p,k,v,d
100,e,b,s,y,t,f,c,b,n,e,c,s,s,w,w,p,w,o,p,k,s,g
101,p,f,y,y,f,f,c,b,h,e,b,k,k,p,p,p,w,o,l,h,v,p
102,p,x,s,g,t,f,c,b,p,t,b,f,f,w,w,p,w,o,p,h,s,u
103,e,f,f,e,t,f,c,b,p,t,b,s,s,g,p,p,w,o,p,n,y,d
104,e,f,s,g,f,f,w,b,k,t,e,s,s,w,w,p,w,o,e,k,a,g
105,p,f,s,w,t,f,c,n,p,e,e,s,s,w,w,p,w,o,p,n,v,u
106,e,f,y,y,t,f,c,b,w,e,r,s,y,w,w,p,w,o,p,n,s,g
107,e,f,f,n,t,f,c,b,p,t,b,s,s,w,p,p,w,o,p,n,y,d
108,p,f,f,g,f,f,c,b,g,e,b,k,k,n,b,p,w,o,l,h,v,p
109,p,f,s,g,f,f,w,b,k,t,e,f,f,w,w,p,w,o,e,k,a,g
110,p,f,y,y,f,f,c,b,h,e,b,k,k,b,p,p,w,o,l,h,y,d
111,e,x,f,n,t,f,c,b,w,t,b,s,s,p,g,p,w,o,p,n,v,d
112,e,f,s,g,f,f,w,b,k,t,e,f,s,w,w,p,w,o,e,k,s,g
113,e,f,f,n,t,f,c,b,p,t,b,s,s,p,p,p,w,o,p,n,y,d
114,e,b,y,w,t,f,c,b,w,e,c,s,s,w,w,p,w,o,p,k,s,g
115,e,x,y,w,t,f,c,b,g,e,c,s,s,w,w,p,w,o,p,n,s,m
116,e,f,f,g,t,f,c,b,w,t,b,s,s,p,p,p,w,o,p,n,v,d
117,e,x,f,g,f,f,w,b,p,t,e,s,f,w,w,p,w,o,e,k,s,g
118,e,x,f,w,f,f,w,b,p,t,e,s,s,w,w,p,w,o,e,n,s,g
119,e,x,y,g,t,f,c,b,n,t,b,s,s,p,w,p,w,o,p,k,v,d
120,e,x,y,y,f,f,c,b,g,e,b,k,k,p,p,p,w,o,l,h,v,p
121,p,k,y,c,f,f,c,b,y,e,c,k,y,c,c,p,w,n,n,w,c,d
122,e,x,y,n,t,f,c,b,w,t,b,s,s,p,p,p,w,o,p,k,y,d
123,e,x,y,n,t,f,c,b,n,t,b,s,s,p,g,p,w,o,p,k,v,d
124,e,b,y,w,t,f,c,b,w,e,c,s,s,w,w,p,w,o,p,k,n,g
125,p,x,s,w,t,f,c,b,h,t,b,s,f,w,w,p,w,o,p,h,s,u
126,p,x,f,y,f,f,c,b,h,e,b,k,k,b,p,p,w,o,l,h,y,p
127,p,f,f,y,f,f,c,b,p,e,b,k,k,p,p,p,w,o,l,h,y,d
128,e,f,s,p,t,f,c,b,w,e,b,s,s,w,w,p,w,t,p,w,v,p
129,p,f,y,y,f,f,c,b,g,e,b,k,k,b,b,p,w,o,l,h,v,g
130,e,f,s,g,f,f,w,b,k,t,e,s,f,w,w,p,w,o,e,k,s,g
131,p,x,y,y,f,f,c,b,h,e,b,k,k,b,b,p,w,o,l,h,y,d
132,e,x,f,g,f,f,w,b,h,t,e,f,f,w,w,p,w,o,e,k,a,g
133,p,f,s,g,t,f,c,b,h,t,b,s,s,w,w,p,w,o,p,h,v,u
134,p,f,y,w,t,f,c,b,r,e,b,s,s,w,w,p,w,t,p,r,v,m
135,e,f,y,n,t,f,c,b,n,t,b,s,s,p,g,p,w,o,p,n,v,d
136,p,f,f,g,f,f,c,b,p,e,b,k,k,n,b,p,w,o,l,h,v,g
137,e,x,y,e,t,f,c,b,p,t,b,s,s,g,p,p,w,o,p,n,v,d
138,e,f,f,y,t,f,w,n,n,t,b,s,s,w,w,p,w,o,p,n,v,d
139,e,x,y,n,t,f,c,b,w,t,b,s,s,w,g,p,w,o,p,n,y,d
140,e,x,y,g,t,f,c,b,w,t,b,s,s,p,p,p,w,o,p,n,y,d
141,e,x,y,y,t,f,c,b,k,e,c,s,s,w,w,p,w,o,p,n,n,g
142,e,f,y,e,t,f,c,b,w,t,b,s,s,w,w,p,w,o,p,n,y,d
143,e,x,y,e,t,f,c,b,p,t,b,s,s,p,g,p,w,o,p,k,y,d
144,p,f,f,g,f,f,c,b,h,e,b,k,k,b,p,p,w,o,l,h,v,p
145,p,x,y,g,f,f,c,b,p,e,b,k,k,p,b,p,w,o,l,h,y,p
146,e,k,f,c,f,f,w,n,w,e,b,s,f,w,n,p,w,o,e,w,v,l
147,p,f,y,g,f,f,c,b,h,e,b,k,k,p,b,p,w,o,l,h,y,p
148,e,x,f,n,t,f,c,b,n,t,b,s,s,g,g,p,w,o,p,k,v,d
149,e,x,y,y,f,f,c,b,h,e,b,k,k,b,b,p,w,o,l,h,y,g
150,e,f,y,g,t,f,c,b,u,t,b,s,s,g,p,p,w,o,p,k,v,d
151,e,x,f,g,t,f,c,b,w,t,b,s,s,p,p,p,w,o,p,n,y,d
152,e,x,s,w,f,f,w,b,k,t,e,s,f,w,w,p,w,o,e,k,s,g
153,e,x,f,g,f,f,c,b,h,e,b,k,k,n,p,p,w,o,l,h,y,g
154,p,x,y,y,f,f,c,b,p,e,b,k,k,b,p,p,w,o,l,h,v,g
155,e,b,s,w,t,f,c,b,g,e,c,s,s,w,w,p,w,o,p,k,s,g
156,e,x,f,g,f,f,w,b,k,t,e,s,s,w,w,p,w,o,e,k,s,g
157,e,f,f,g,t,f,c,b,w,t,b,s,s,g,g,p,w,o,p,n,v,d
158,e,x,y,g,t,f,c,b,n,t,b,s,s,w,w,p,w,o,p,k,y,d
159,e,x,y,e,t,f,c,b,n,t,b,s,s,g,p,p,w,o,p,k,v,d
160,e,x,y,n,t,f,c,b,p,t,b,s,s,g,w,p,w,o,p,k,y,d
161,e,x,f,w,f,f,w,b,h,t,e,s,s,w,w,p,w,o,e,n,a,g
162,e,f,y,e,t,f,c,b,u,t,b,s,s,g,w,p,w,o,p,n,v,d
163,e,f,y,c,f,f,w,n,w,e,b,f,f,w,n,p,w,o,e,w,v,l
164,e,x,y,g,t,f,c,b,n,t,b,s,s,w,p,p,w,o,p,n,y,d
165,e,f,f,g,t,f,c,b,u,t,b,s,s,g,w,p,w,o,p,n,v,d
166,e,x,s,w,t,f,c,b,w,e,c,s,s,w,w,p,w,o,p,n,s,m
167,e,f,f,e,t,f,c,b,n,t,b,s,s,p,g,p,w,o,p,k,v,d
168,e,x,y,n,t,f,c,b,p,t,b,s,s,w,p,p,w,o,p,n,y,d
169,e,f,y,g,t,f,c,b,w,t,b,s,s,p,w,p,w,o,p,k,y,d
170,e,x,y,n,t,f,c,b,w,e,r,s,y,w,w,p,w,o,p,k,s,g
171,e,b,s,w,t,f,c,b,w,e,c,s,s,w,w,p,w,o,p,n,s,m
172,e,x,y,g,t,f,c,b,p,t,b,s,s,w,p,p,w,o,p,n,y,d
173,e,f,f,g,f,f,w,b,p,t,e,f,f,w,w,p,w,o,e,k,s,g
174,e,x,f,e,t,f,c,b,p,t,b,s,s,w,p,p,w,o,p,n,y,d
175,e,f,y,e,t,f,c,b,w,t,b,s,s,w,g,p,w,o,p,n,v,d
176,e,f,y,e,t,f,c,b,p,t,b,s,s,p,p,p,w,o,p,n,v,d
177,e,f,f,g,t,f,c,b,n,t,b,s,s,g,w,p,w,o,p,k,v,d
178,p,f,y,y,f,f,c,b,g,e,b,k,k,b,n,p,w,o,l,h,v,d
179,p,f,y,g,f,f,c,b,p,e,b,k,k,b,n,p,w,o,l,h,y,p
180,p,x,f,y,f,f,c,b,p,e,b,k,k,p,p,p,w,o,l,h,y,g
181,e,x,s,w,f,f,w,b,p,t,e,s,f,w,w,p,w,o,e,k,s,g
182,e,x,y,n,t,f,c,b,n,t,b,s,s,p,p,p,w,o,p,n,v,d
183,e,x,f,c,f,f,w,n,w,e,b,f,s,w,n,p,w,o,e,w,v,l
184,e,f,y,e,t,f,c,b,w,t,b,s,s,g,w,p,w,o,p,n,v,d
185,p,x,f,g,f,f,w,n,u,e,b,s,s,w,w,p,w,o,p,n,v,d
186,p,x,s,g,f,f,c,n,g,e,b,s,s,w,w,p,w,o,p,k,v,d
187,e,x,y,w,t,f,c,b,w,e,c,s,s,w,w,p,w,o,p,k,s,m
188,p,c,y,y,f,f,w,n,y,e,c,y,y,y,y,p,y,o,e,w,c,l
189,e,b,y,y,f,f,w,n,y,e,c,y,y,y,y,p,y,o,e,w,c,l
190,p,f,f,y,f,f,c,b,g,e,b,k,k,b,b,p,w,o,l,h,y,d
191,p,x,f,p,f,f,c,n,p,e,b,s,s,w,w,p,w,o,p,k,v,d
192,e,f,f,g,t,f,c,b,n,t,b,s,s,p,w,p,w,o,p,k,y,d
193,e,f,s,n,f,f,w,b,k,t,e,s,s,w,w,p,w,o,e,n,s,g
194,e,x,s,w,t,f,c,b,k,e,c,s,s,w,w,p,w,o,p,n,s,m
195,e,x,s,w,t,f,c,b,n,e,c,s,s,w,w,p,w,o,p,n,s,m
196,e,f,y,e,t,f,c,b,u,t,b,s,s,w,w,p,w,o,p,k,y,d
197,p,f,y,g,f,f,c,b,h,e,b,k,k,p,n,p,w,o,l,h,v,d
198,e,x,s,g,f,f,w,b,h,t,e,f,f,w,w,p,w,o,e,k,a,g
199,e,b,y,w,t,f,c,b,k,e,c,s,s,w,w,p,w,o,p,n,n,m
200,e,x,y,g,t,f,c,b,w,t,b,s,s,w,g,p,w,o,p,k,y,d
201,e,x,f,n,t,f,c,b,w,t,b,s,s,p,g,p,w,o,p,n,y,d
202,p,f,y,g,f,f,c,b,p,e,b,k,k,n,p,p,w,o,l,h,y,p
203,p,f,y,g,f,f,c,b,g,e,b,k,k,p,b,p,w,o,l,h,y,d
204,e,b,y,w,t,f,c,b,w,e,c,s,s,w,w,p,w,o,p,k,s,m
205,e,x,y,y,t,f,c,b,g,e,c,s,s,w,w,p,w,o,p,n,s,m
206,p,f,f,g,f,f,c,b,h,e,b,k,k,n,n,p,w,o,l,h,y,p
207,p,x,f,g,f,f,c,b,p,e,b,k,k,b,b,p,w,o,l,h,v,p
208,p,x,y,g,f,f,c,b,g,e,b,k,k,n,b,p,w,o,l,h,y,d
209,e,f,y,g,t,f,c,b,u,t,b,s,s,p,w,p,w,o,p,n,v,d
210,p,x,f,y,f,f,c,b,h,e,b,k,k,p,p,p,w,o,l,h,y,d
211,e,x,f,n,f,f,w,b,n,t,e,f,s,w,w,p,w,o,e,n,a,g
212,e,f,f,g,t,f,c,b,n,t,b,s,s,w,p,p,w,o,p,n,v,d
213,e,x,y,w,t,f,c,b,k,e,c,s,s,w,w,p,w,o,p,n,s,g
214,p,x,y,e,t,f,c,b,u,t,b,s,s,p,p,p,w,o,p,n,y,d
215,p,f,f,g,f,f,c,b,p,e,b,k,k,b,b,p,w,o,l,h,v,g
216,p,x,y,w,t,f,c,n,w,e,e,s,s,w,w,p,w,o,p,k,s,u
217,e,x,y,e,t,f,c,b,n,t,b,s,s,g,w,p,w,o,p,n,y,d
218,e,x,s,n,f,f,w,b,k,t,e,s,f,w,w,p,w,o,e,n,s,g
219,e,f,y,n,t,f,c,b,w,t,b,s,s,w,w,p,w,o,p,n,y,d
220,e,x,y,n,t,f,c,b,u,t,b,s,s,g,p,p,w,o,p,k,v,d
221,e,f,y,e,t,f,c,b,w,t,b,s,s,g,w,p,w,o,p,k,v,d
222,p,x,f,y,f,f,c,b,h,e,b,k,k,n,p,p,w,o,l,h,y,p
223,e,x,f,g,t,f,c,b,u,t,b,s,s,w,g,p,w,o,p,n,v,d
224,e,x,f,n,t,f,c,b,p,t,b,s,s,p,p,p,w,o,p,k,y,d
225,p,x,f,y,f,f,c,b,h,e,b,k,k,p,b,p,w,o,l,h,v,d
226,e,f,f,n,f,f,w,b,k,t,e,s,s,w,w,p,w,o,e,n,a,g
227,e,x,f,w,f,f,w,b,p,t,e,s,s,w,w,p,w,o,e,k,s,g
228,e,f,y,n,t,f,c,b,w,t,b,s,s,g,p,p,w,o,p,k,y,d
229,e,f,f,g,f,f,c,n,g,e,e,s,s,w,w,p,w,o,p,k,y,u
230,p,x,s,g,t,f,c,b,h,t,b,f,f,w,w,p,w,o,p,h,s,u
231,p,f,y,g,f,f,c,b,p,e,b,k,k,p,n,p,w,o,l,h,y,p
232,e,f,f,g,f,f,w,b,n,t,e,s,f,w,w,p,w,o,e,k,s,g
233,e,x,f,w,t,f,w,n,n,t,b,s,s,w,w,p,w,o,p,u,v,d
234,e,x,s,g,f,f,w,b,n,t,e,s,f,w,w,p,w,o,e,k,s,g
235,e,x,f,w,f,f,w,b,k,t,e,f,f,w,w,p,w,o,e,k,a,g
236,e,x,y,n,f,f,w,n,w,e,b,s,f,w,n,p,w,o,e,w,v,l
237,e,f,y,n,t,f,c,b,n,e,r,s,y,w,w,p,w,o,p,n,y,g
238,e,x,y,e,t,f,c,b,n,t,b,s,s,w,g,p,w,o,p,n,v,d
239,p,x,f,g,f,f,c,n,u,e,b,s,s,w,w,p,w,o,p,k,v,d
240,e,f,f,e,t,f,c,b,u,t,b,s,s,g,p,p,w,o,p,k,v,d
241,e,f,y,g,t,f,c,b,w,t,b,s,s,g,w,p,w,o,p,k,v,d
242,p,f,y,y,f,f,c,b,p,e,b,k,k,p,p,p,w,o,l,h,v,d
243,e,x,f,n,t,f,c,b,w,t,b,s,s,p,p,p,w,o,p,k,v,d
244,e,f,s,w,f,f,w,b,n,t,e,f,f,w,w,p,w,o,e,n,s,g
245,p,b,s,w,t,f,c,b,w,e,b,s,s,w,w,p,w,t,p,r,v,g
246,e,f,y,y,t,f,c,b,w,e,r,s,y,w,w,p,w,o,p,k,y,p
247,e,f,f,n,t,f,c,b,w,t,b,s,s,w,g,p,w,o,p,n,v,d
248,e,x,y,g,t,f,c,b,p,t,b,s,s,p,w,p,w,o,p,k,v,d
249,e,x,y,y,t,f,c,b,k,e,c,s,s,w,w,p,w,o,p,k,s,g
250,p,f,s,b,t,f,c,b,p,t,b,s,f,w,w,p,w,o,p,h,s,u
251,e,f,y,g,t,f,c,b,n,t,b,s,s,w,p,p,w,o,p,n,v,d
252,p,x,y,g,f,f,c,b,g,e,b,k,k,b,p,p,w,o,l,h,y,g
253,p,f,f,g,f,f,c,b,g,e,b,k,k,n,n,p,w,o,l,h,y,g
254,e,x,s,n,f,f,w,b,h,t,e,f,f,w,w,p,w,o,e,n,s,g
255,e,f,f,e,t,f,c,b,u,t,b,s,s,p,w,p,w,o,p,k,y,d
256,e,x,y,g,t,f,c,b,u,t,b,s,s,w,p,p,w,o,p,k,v,d
257,e,x,f,n,t,f,c,b,p,t,b,s,s,p,w,p,w,o,p,k,y,d
258,e,f,y,n,t,f,c,b,w,t,b,s,s,g,g,p,w,o,p,n,v,d
259,e,f,f,n,t,f,c,b,w,t,b,s,s,p,w,p,w,o,p,n,v,d
260,e,x,y,n,t,f,c,b,n,t,b,s,s,p,w,p,w,o,p,k,v,d
261,p,f,y,y,f,f,c,b,p,e,b,k,k,b,p,p,w,o,l,h,v,p
262,e,b,y,y,t,f,c,b,w,e,c,s,s,w,w,p,w,o,p,k,s,m
263,e,f,y,e,t,f,c,b,u,t,b,s,s,p,g,p,w,o,p,n,y,d
264,e,x,y,g,f,f,c,b,h,e,b,k,k,b,p,p,w,o,l,h,v,g
265,e,b,s,w,t,f,c,b,w,e,c,s,s,w,w,p,w,o,p,k,s,m
0,e,b,s,w,t,f,c,b,w,e,c,s,s,w,w,p,w,o,p,n,s,g
1,p,x,s,n,t,f,c,n,p,e,e,s,s,w,w,p,w,o,p,n,v,u
2,e,x,f,e,t,f,c,b,w,t,b,s,s,p,g,p,w,o,p,k,y,d
3,p,f,y,n,t,f,c,n,w,e,e,s,s,w,w,p,w,o,p,k,s,g
4,e,x,f,e,t,f,c,b,n,t,b,s,s,w,w,p,w,o,p,n,v,d
5,p,f,y,g,f,f,c,b,g,e,b,k,k,n,b,p,w,o,l,h,y,p
6,e,x,f,e,t,f,c,b,p,t,b,s,s,p,g,p,w,o,p,k,y,d
7,e,f,y,e,t,f,c,b,w,t,b,s,s,w,p,p,w,o,p,n,y,d
8,p,f,s,w,t,f,c,n,n,e,e,s,s,w,w,p,w,o,p,n,s,u
9,e,x,s,y,t,f,c,b,g,e,c,s,s,w,w,p,w,o,p,n,n,g
10,e,f,s,w,f,f,w,b,n,t,e,f,s,w,w,p,w,o,e,k,s,g
11,p,x,s,b,t,f,c,b,h,t,b,f,f,w,w,p,w,o,p,h,s,g
12,p,x,f,g,f,f,c,b,h,e,b,k,k,p,n,p,w,o,l,h,v,g
13,p,f,s,n,t,f,c,n,k,e,e,s,s,w,w,p,w,o,p,n,s,u
14,p,x,s,w,t,f,c,b,w,t,b,s,s,w,w,p,w,o,p,h,s,u
15,e,b,s,y,t,f,c,b,k,e,c,s,s,w,w,p,w,o,p,n,s,m
16,p,x,y,y,f,f,c,b,g,e,b,k,k,p,b,p,w,o,l,h,y,d
17,e,b,s,w,t,f,c,b,g,e,c,s,s,w,w,p,w,o,p,n,s,m
18,p,x,y,g,f,f,c,b,h,e,b,k,k,n,n,p,w,o,l,h,v,g
19,e,x,s,w,f,f,w,b,k,t,e,s,f,w,w,p,w,o,e,k,a,g
20,p,x,y,w,t,f,c,n,w,e,e,s,s,w,w,p,w,o,p,n,v,u
21,p,f,f,y,f,f,c,b,g,e,b,k,k,p,b,p,w,o,l,h,y,p
22,p,f,f,y,f,f,c,b,h,e,b,k,k,n,p,p,w,o,l,h,y,p
23,e,f,f,e,t,f,c,b,u,t,b,s,s,w,p,p,w,o,p,k,v,d
24,e,x,f,e,t,f,c,b,p,t,b,s,s,p,w,p,w,o,p,n,y,d
25,e,x,f,e,t,f,c,b,n,t,b,s,s,w,w,p,w,o,p,k,v,d
26,e,f,y,e,t,f,c,b,w,t,b,s,s,g,p,p,w,o,p,k,y,d
27,e,f,f,c,f,f,w,n,w,e,b,s,s,w,n,p,w,o,e,w,v,l
28,p,x,y,w,t,f,c,n,k,e,e,s,s,w,w,p,w,o,p,k,s,u
29,e,x,y,g,t,f,c,b,n,t,b,s,s,p,p,p,w,o,p,k,v,d
30,e,f,y,e,t,f,c,b,u,t,b,s,s,g,p,p,w,o,p,k,v,d
31,e,x,s,g,f,f,w,b,p,t,e,s,s,w,w,p,w,o,e,n,s,g
32,p,f,s,n,t,f,c,n,n,e,e,s,s,w,w,p,w,o,p,n,v,g
33,e,x,f,n,f,f,w,b,p,t,e,f,s,w,w,p,w,o,e,k,a,g
34,e,x,f,g,t,f,c,b,p,t,b,s,s,p,g,p,w,o,p,k,y,d
35,p,x,s,w,f,f,w,n,p,e,b,s,s,w,w,p,w,o,p,k,s,d
36,p,f,f,y,f,f,c,b,p,e,b,k,k,p,b,p,w,o,l,h,v,p
37,e,x,y,c,t,f,c,b,w,e,b,s,s,w,w,p,w,t,p,w,y,p
38,e,x,y,n,t,f,c,b,n,e,r,s,y,w,w,p,w,o,p,k,s,p
39,e,x,y,n,t,f,c,b,w,t,b,s,s,w,g,p,w,o,p,n,v,d
40,e,x,f,n,t,f,c,b,n,t,b,s,s,g,w,p,w,o,p,k,y,d
41,e,b,y,y,t,f,c,b,n,e,c,s,s,w,w,p,w,o,p,k,s,m
42,e,f,y,b,t,f,c,b,g,e,b,s,s,w,w,p,w,t,p,r,v,m
43,e,f,y,n,t,f,c,b,u,t,b,s,s,p,w,p,w,o,p,k,y,d
44,p,f,y,w,t,f,c,n,n,e,e,s,s,w,w,p,w,o,p,n,v,u
45,e,s,f,n,f,f,c,n,k,e,e,s,s,w,w,p,w,o,p,k,v,u
46,e,x,f,e,t,f,c,b,n,t,b,s,s,w,w,p,w,o,p,n,y,d
47,e,f,y,g,t,f,c,b,u,t,b,s,s,p,w,p,w,o,p,n,y,d
48,e,f,f,g,f,f,w,b,p,t,e,f,f,w,w,p,w,o,e,n,a,g
49,p,f,s,g,t,f,c,b,p,t,b,s,s,w,w,p,w,o,p,h,v,u
50,e,k,y,n,f,f,c,b,w,e,b,y,y,n,n,p,w,t,p,w,y,p
51,p,f,f,y,f,f,c,b,h,e,b,k,k,p,b,p,w,o,l,h,v,d
52,p,f,s,n,t,f,c,n,k,e,e,s,s,w,w,p,w,o,p,k,v,u
53,e,x,y,n,t,f,c,b,u,t,b,s,s,g,g,p,w,o,p,n,y,d
54,e,f,y,y,t,f,c,b,w,e,r,s,y,w,w,p,w,o,p,n,y,p
55,p,f,s,g,t,f,c,b,p,t,b,f,f,w,w,p,w,o,p,h,s,g
56,p,x,y,w,t,f,c,n,w,e,e,s,s,w,w,p,w,o,p,n,s,g
57,p,x,s,w,f,f,c,n,p,e,b,s,s,w,w,p,w,o,p,k,v,d
58,p,x,f,g,f,f,c,b,h,e,b,k,k,p,n,p,w,o,l,h,v,p
59,p,x,y,c,f,f,c,b,y,e,c,k,y,c,c,p,w,n,n,w,c,d
60,e,x,f,w,f,f,w,b,n,t,e,f,s,w,w,p,w,o,e,n,a,g
61,e,f,s,n,f,f,w,b,n,t,e,f,s,w,w,p,w,o,e,n,a,g
62,p,x,f,y,f,f,c,b,p,e,b,k,k,n,b,p,w,o,l,h,v,p
63,e,x,f,n,t,f,c,b,p,t,b,s,s,p,p,p,w,o,p,k,v,d
64,p,x,s,g,t,f,c,b,w,t,b,f,f,w,w,p,w,o,p,h,v,u
65,p,x,s,g,f,f,w,n,p,e,b,s,s,w,w,p,w,o,p,n,v,d
66,e,f,f,g,f,f,w,b,p,t,e,s,f,w,w,p,w,o,e,n,s,g
67,p,x,f,w,f,f,w,n,p,e,b,s,s,w,w,p,w,o,p,k,v,d
68,p,b,y,y,t,f,c,b,k,e,c,s,s,w,w,p,w,o,p,n,n,m
69,e,f,y,g,t,f,c,b,u,t,b,s,s,w,p,p,w,o,p,k,y,d
70,p,f,y,y,f,f,c,b,h,e,b,k,k,p,b,p,w,o,l,h,y,g
71,p,x,y,g,t,f,c,b,w,t,b,s,s,w,p,p,w,o,p,k,y,d
72,p,f,s,w,t,f,c,n,w,e,e,s,s,w,w,p,w,o,p,n,v,u
73,e,x,f,g,f,f,w,b,h,t,e,f,s,w,w,p,w,o,e,n,s,g
74,p,x,s,w,f,f,w,n,n,e,b,s,s,w,w,p,w,o,p,n,v,d
75,p,x,s,b,t,f,c,b,p,t,b,f,f,w,w,p,w,o,p,h,v,g
76,e,x,y,e,t,f,c,b,n,t,b,s,s,w,p,p,w,o,p,k,y,d
77,e,f,f,w,f,f,w,b,n,t,e,f,s,w,w,p,w,o,e,n,s,g
78,e,f,f,y,f,f,c,b,h,e,b,k,k,b,p,p,w,o,l,h,v,p
79,e,x,y,g,t,f,c,b,p,t,b,s,s,g,g,p,w,o,p,k,y,d
80,e,f,f,w,f,f,w,b,p,t,e,f,s,w,w,p,w,o,e,n,a,g
81,e,x,y,n,t,f,c,b,n,e,r,s,y,w,w,p,w,o,p,n,s,g
82,p,x,y,y,f,f,c,b,h,e,b,k,k,n,p,p,w,o,l,h,v,d
83,p,f,y,g,f,f,c,b,h,e,b,k,k,b,b,p,w,o,l,h,v,d
84,e,x,y,n,t,f,c,n,k,e,e,s,s,w,w,p,w,o,p,n,s,u
85,e,x,y,y,t,f,c,b,p,e,r,s,y,w,w,p,w,o,p,k,s,p
86,e,f,y,n,t,f,c,b,p,e,r,s,y,w,w,p,w,o,p,n,s,g
87,p,x,s,w,t,f,c,b,p,t,b,f,s,w,w,p,w,o,p,h,s,u
88,e,x,f,n,t,f,c,b,n,t,b,s,s,p,p,p,w,o,p,k,v,d
89,p,x,y,n,t,f,c,b,p,t,b,s,s,p,p,p,w,o,p,k,y,d
90,e,f,s,g,f,f,w,b,n,t,e,f,s,w,w,p,w,o,e,n,s,g
91,e,x,y,n,t,f,c,b,n,t,b,s,s,w,w,p,w,o,p,k,v,d
92,p,x,f,g,f,f,c,b,h,e,b,k,k,n,p,p,w,o,l,h,v,g
93,e,x,y,y,t,f,c,b,w,e,r,s,y,w,w,p,w,o,p,k,s,g
94,p,f,s,w,t,f,c,n,w,e,e,s,s,w,w,p,w,o,p,k,s,u
95,p,f,y,y,f,f,c,b,h,e,b,k,k,n,n,p,w,o,l,h,v,p
96,e,x,y,n,t,f,c,b,w,e,r,s,y,w,w,p,w,o,p,n,y,p
97,e,x,s,w,f,f,w,b,k,t,e,f,f,w,w,p,w,o,e,k,s,g
98,p,f,y,g,f,f,c,b,h,e,b,k,k,p,b,p,w,o,l,h,y,d
99,p,f,s,w,f,f,w,b,k,t,e,f,s,w,w,p,w,o,e,n,a,g
100,e,f,y,y,t,f,c,b,w,e,r,s,y,w,w,p,w,o,p,n,y,g
101,p,x,y,g,f,f,c,b,g,e,b,k,k,n,p,p,w,o,l,h,v,p
102,e,f,y,g,t,f,c,b,n,t,b,s,s,p,g,p,w,o,p,k,v,d
103,e,x,s,w,t,f,c,b,k,e,c,s,s,w,w,p,w,o,p,n,n,m
104,e,f,f,n,t,f,c,b,u,t,b,s,s,w,g,p,w,o,p,k,v,d
105,e,x,y,y,t,f,c,b,k,e,c,s,s,w,w,p,w,o,p,n,n,m
106,e,f,f,e,t,f,c,b,p,t,b,s,s,p,w,p,w,o,p,k,v,d
107,e,f,y,n,t,f,c,b,n,e,r,s,y,w,w,p,w,o,p,k,s,g
108,p,x,y,y,f,f,c,b,h,e,b,k,k,n,b,p,w,o,l,h,y,d
109,p,x,f,y,f,f,c,b,h,e,b,k,k,b,b,p,w,o,l,h,v,g
110,p,f,f,g,f,f,c,b,h,e,b,k,k,n,n,p,w,o,l,h,y,g
111,e,f,y,e,t,f,c,b,u,t,b,s,s,g,g,p,w,o,p,n,y,d
112,e,f,y,g,t,f,c,b,n,t,b,s,s,w,g,p,w,o,p,n,y,d
113,p,f,f,g,f,f,c,b,g,e,b,k,k,p,n,p,w,o,l,h,v,p
114,p,x,y,g,f,f,c,b,h,e,b,k,k,b,n,p,w,o,l,h,y,g
115,e,s,f,n,f,f,c,n,g,e,e,s,s,w,w,p,w,o,p,n,y,u
116,e,x,f,g,t,f,c,b,w,t,b,s,s,p,w,p,w,o,p,n,y,d
117,p,x,y,y,f,f,c,b,h,e,b,k,k,b,p,p,w,o,l,h,y,g
118,e,x,y,e,t,f,c,b,w,t,b,s,s,w,g,p,w,o,p,k,y,d
119,e,f,y,e,t,f,c,b,n,t,b,s,s,g,p,p,w,o,p,n,y,d
120,e,x,s,n,f,f,w,b,h,t,e,s,s,w,w,p,w,o,e,n,s,g
121,e,x,f,n,f,f,w,b,h,t,e,f,f,w,w,p,w,o,e,k,a,g
122,e,b,s,n,f,f,c,b,w,e,b,y,y,n,n,p,w,t,p,w,y,p
123,e,x,f,n,t,f,c,b,u,t,b,s,s,w,g,p,w,o,p,k,y,d
124,e,f,y,g,t,f,c,b,u,t,b,s,s,g,p,p,w,o,p,k,y,d
125,e,f,y,n,t,f,c,n,w,e,e,s,s,w,w,p,w,o,p,n,s,u
126,p,f,y,g,f,f,c,b,g,e,b,k,k,b,p,p,w,o,l,h,y,d
127,e,f,f,e,t,f,c,b,u,t,b,s,s,p,w,p,w,o,p,n,y,d
128,e,f,f,n,t,f,c,b,u,t,b,s,s,p,g,p,w,o,p,k,v,d
129,e,x,s,g,f,f,w,b,n,t,e,s,s,w,w,p,w,o,e,n,a,g
130,p,f,y,g,f,f,c,b,p,e,b,k,k,p,b,p,w,o,l,h,v,p
131,e,x,s,g,t,f,c,b,h,t,b,f,s,w,w,p,w,o,p,h,s,g
132,p,x,y,n,t,f,c,n,p,e,e,s,s,w,w,p,w,o,p,k,v,g
133,p,x,f,y,f,f,c,b,g,e,b,k,k,b,b,p,w,o,l,h,v,g
134,e,f,f,n,t,f,c,b,p,t,b,s,s,p,w,p,w,o,p,k,y,d
135,e,x,s,y,t,f,c,b,w,e,c,s,s,w,w,p,w,o,p,k,n,g
136,e,f,f,g,t,f,c,b,p,t,b,s,s,w,p,p,w,o,p,n,y,d
137,p,x,s,g,t,f,c,b,h,t,b,s,f,w,w,p,w,o,p,h,s,g
138,p,x,f,y,f,f,c,b,g,e,b,k,k,p,p,p,w,o,l,h,v,d
139,e,f,y,e,t,f,c,b,p,t,b,s,s,p,g,p,w,o,p,n,y,d
140,p,f,f,g,f,f,c,b,g,e,b,k,k,n,p,p,w,o,l,h,v,d
141,p,x,f,n,t,f,c,b,w,t,b,s,s,p,w,p,w,o,p,n,y,d
142,p,f,f,y,f,f,c,b,p,e,b,k,k,n,b,p,w,o,l,h,y,d
143,e,x,f,w,f,f,w,b,n,t,e,s,s,w,w,p,w,o,e,k,a,g
144,p,f,y,g,f,f,c,b,g,e,b,k,k,b,n,p,w,o,l,h,y,d
145,p,f,y,y,f,f,c,b,p,e,b,k,k,n,p,p,w,o,l,h,y,p
146,e,x,f,g,t,f,c,b,n,t,b,s,s,w,w,p,w,o,p,k,v,d
147,e,f,y,g,t,f,c,b,n,t,b,s,s,g,p,p,w,o,p,n,v,d
148,p,f,y,y,f,f,c,b,h,e,b,k,k,p,n,p,w,o,l,h,v,g
149,e,x,y,n,t,f,c,b,u,t,b,s,s,p,g,p,w,o,p,k,v,d
150,p,x,f,p,f,f,c,n,p,e,b,s,s,w,w,p,w,o,p,n,s,d
151,p,f,y,g,t,f,c,b,p,t,b,s,s,p,p,p,w,o,p,k,y,d
152,e,x,f,n,t,f,c,b,u,t,b,s,s,w,g,p,w,o,p,n,y,d
153,e,x,y,g,t,f,c,b,p,t,b,s,s,p,w,p,w,o,p,k,y,d
154,e,f,f,g,t,f,c,b,p,t,b,s,s,g,p,p,w,o,p,k,y,d
155,p,x,f,y,f,f,c,b,g,e,b,k,k,n,n,p,w,o,l,h,v,d
156,p,f,f,g,f,f,c,b,g,e,b,k,k,n,n,p,w,o,l,h,v,d
157,e,x,y,g,t,f,c,b,u,t,b,s,s,w,w,p,w,o,p,n,v,d
158,p,f,f,y,f,f,c,b,p,e,b,k,k,n,b,p,w,o,l,h,v,p
159,e,f,f,n,t,f,c,b,n,t,b,s,s,w,p,p,w,o,p,k,v,d
160,e,f,f,n,f,f,w,b,p,t,e,f,s,w,w,p,w,o,e,k,a,g
161,p,x,f,g,t,f,c,b,w,t,b,s,s,g,g,p,w,o,p,k,y,d
162,p,x,s,b,t,f,c,b,p,t,b,f,s,w,w,p,w,o,p,h,v,u
163,e,x,s,y,t,f,c,b,n,e,c,s,s,w,w,p,w,o,p,k,n,g
164,p,x,y,g,f,f,c,b,p,e,b,k,k,n,b,p,w,o,l,h,y,g
165,p,x,f,g,f,f,w,n,n,e,b,s,s,w,w,p,w,o,p,n,v,d
166,e,f,s,y,t,f,w,n,n,t,b,s,s,w,w,p,w,o,p,n,v,d
167,p,x,y,g,f,f,c,b,p,e,b,k,k,p,n,p,w,o,l,h,v,g
168,p,f,s,w,t,f,c,b,h,t,b,f,s,w,w,p,w,o,p,h,v,g
169,p,x,s,p,f,f,w,n,p,e,b,s,s,w,w,p,w,o,p,k,s,d
170,p,x,y,n,t,f,c,b,p,t,b,s,s,p,w,p,w,o,p,n,v,d
171,e,x,f,g,t,f,c,b,w,t,b,s,s,w,w,p,w,o,p,n,y,d
172,e,x,y,g,t,f,c,b,n,t,b,s,s,w,w,p,w,o,p,k,v,d
173,p,x,y,g,f,f,c,b,p,e,b,k,k,n,n,p,w,o,l,h,y,p
174,p,x,s,w,f,f,w,b,n,t,e,s,f,w,w,p,w,o,e,n,s,g
175,e,x,y,g,t,f,c,b,w,t,b,s,s,w,w,p,w,o,p,k,y,d
176,e,x,s,w,t,f,c,b,n,e,c,s,s,w,w,p,w,o,p,k,n,g
177,p,x,y,y,f,f,c,b,g,e,b,k,k,b,b,p,w,o,l,h,v,p
178,p,f,y,g,f,f,c,b,g,e,b,k,k,b,b,p,w,o,l,h,v,d
179,p,x,f,g,f,f,c,b,h,e,b,k,k,n,b,p,w,o,l,h,y,d
180,e,x,f,w,f,f,w,b,h,t,e,s,f,w,w,p,w,o,e,n,s,g
181,e,b,s,w,t,f,c,b,k,e,c,s,s,w,w,p,w,o,p,n,s,g
182,e,f,y,y,t,f,c,b,p,e,r,s,y,w,w,p,w,o,p,n,s,g
183,e,x,f,n,t,f,c,b,u,t,b,s,s,p,g,p,w,o,p,n,v,d
184,p,f,f,g,f,f,c,b,h,e,b,k,k,p,p,p,w,o,l,h,y,d
185,e,b,y,w,t,f,c,b,k,e,c,s,s,w,w,p,w,o,p,n,s,m
186,p,f,f,y,f,f,c,b,h,e,b,k,k,n,p,p,w,o,l,h,v,g
187,p,f,s,b,t,f,c,b,h,t,b,f,f,w,w,p,w,o,p,h,s,g
188,e,k,f,n,f,f,w,n,w,e,b,s,f,w,n,p,w,o,e,w,v,l
189,p,b,s,b,t,f,c,b,r,e,b,s,s,w,w,p,w,t,p,r,v,m
190,p,f,f,g,f,f,c,b,h,e,b,k,k,p,n,p,w,o,l,h,v,d
191,e,f,f,w,f,f,w,b,n,t,e,s,s,w,w,p,w,o,e,n,s,g
192,e,f,f,g,t,f,c,b,u,t,b,s,s,g,p,p,w,o,p,k,y,d
193,e,x,y,w,t,f,c,n,n,e,e,s,s,w,w,p,w,o,p,n,v,g
194,p,f,f,g,t,f,c,b,p,t,b,s,s,p,p,p,w,o,p,k,y,d
195,e,f,s,g,f,f,w,b,n,t,e,s,f,w,w,p,w,o,e,k,a,g
196,e,f,y,n,t,f,c,b,p,t,b,s,s,w,g,p,w,o,p,k,y,d
197,e,x,s,g,f,f,w,b,p,t,e,f,s,w,w,p,w,o,e,n,a,g
198,p,x,y,p,t,f,c,b,w,e,b,s,s,w,w,p,w,t,p,w,v,p
199,e,f,y,y,f,f,c,b,g,e,b,k,k,b,p,p,w,o,l,h,v,g
200,e,f,f,g,f,f,c,b,g,e,b,k,k,p,p,p,w,o,l,h,v,d
201,p,x,s,g,f,f,c,n,n,e,b,s,s,w,w,p,w,o,p,k,v,d
202,e,x,y,g,t,f,c,b,u,t,b,s,s,p,w,p,w,o,p,k,v,d
203,e,x,f,g,t,f,c,b,n,t,b,s,s,w,w,p,w,o,p,k,y,d
204,e,f,y,n,t,f,c,b,u,t,b,s,s,g,p,p,w,o,p,n,v,d
205,e,x,f,n,f,f,w,b,p,t,e,s,s,w,w,p,w,o,e,k,s,g
206,e,f,f,e,t,f,c,b,w,t,b,s,s,p,g,p,w,o,p,n,y,d
207,e,f,s,n,f,f,w,b,h,t,e,f,s,w,w,p,w,o,e,n,a,g
208,e,f,f,e,t,f,c,b,p,t,b,s,s,g,w,p,w,o,p,n,v,d
209,e,x,f,n,t,f,c,b,w,t,b,s,s,w,g,p,w,o,p,n,y,d
210,p,f,f,y,f,f,c,b,p,e,b,k,k,p,n,p,w,o,l,h,y,d
211,e,f,y,n,t,f,c,b,p,t,b,s,s,p,w,p,w,o,p,n,y,d
212,e,x,f,n,t,f,c,b,w,t,b,s,s,p,w,p,w,o,p,k,y,d
213,p,f,y,y,f,f,c,b,h,e,b,k,k,n,p,p,w,o,l,h,y,g
214,p,x,f,g,f,f,c,b,h,e,b,k,k,b,n,p,w,o,l,h,v,d
215,e,x,f,e,t,f,c,b,p,t,b,s,s,g,g,p,w,o,p,k,y,d
216,e,x,s,n,f,f,w,b,h,t,e,f,f,w,w,p,w,o,e,k,s,g
217,e,x,y,w,t,f,c,b,n,e,c,s,s,w,w,p,w,o,p,n,s,g
218,e,b,y,y,t,f,c,b,k,e,c,s,s,w,w,p,w,o,p,k,n,g
219,e,f,f,g,t,f,c,b,w,t,b,s,s,g,g,p,w,o,p,n,y,d
220,e,x,s,w,t,f,c,b,g,e,c,s,s,w,w,p,w,o,p,k,s,g
221,e,f,y,e,t,f,c,b,w,t,b,s,s,p,g,p,w,o,p,k,y,d
222,p,x,y,g,f,f,c,b,p,e,b,k,k,b,n,p,w,o,l,h,y,d
223,p,x,f,n,f,f,w,b,h,t,e,s,f,w,w,p,w,o,e,n,s,g
224,e,x,f,e,t,f,c,b,w,t,b,s,s,p,w,p,w,o,p,k,v,d
225,p,f,y,w,t,f,c,b,w,e,b,s,s,w,w,p,w,t,p,r,v,g
226,e,x,f,g,f,f,c,n,p,e,e,s,s,w,w,p,w,o,p,k,v,u
227,p,f,y,w,t,f,c,n,k,e,e,s,s,w,w,p,w,o,p,n,v,u
228,e,x,f,n,t,f,c,b,u,t,b,s,s,g,p,p,w,o,p,n,v,d
229,e,b,y,y,t,f,c,b,w,e,c,s,s,w,w,p,w,o,p,k,s,g
230,e,f,s,g,f,f,w,b,h,t,e,s,f,w,w,p,w,o,e,n,s,g
231,p,x,y,g,f,f,c,b,g,e,b,k,k,p,b,p,w,o,l,h,y,d
232,p,x,y,g,f,f,c,b,h,e,b,k,k,b,p,p,w,o,l,h,y,d
233,p,f,s,w,t,f,c,n,w,e,e,s,s,w,w,p,w,o,p,k,s,g
234,p,x,s,w,f,f,w,n,p,e,b,s,s,w,w,p,w,o,p,k,v,d
235,e,k,y,n,f,f,c,b,w,e,b,y,y,n,n,p,w,t,p,w,y,d
236,p,x,f,e,t,f,c,b,w,t,b,s,s,w,g,p,w,o,p,n,v,d
237,p,x,f,g,f,f,c,b,h,e,b,k,k,n,p,p,w,o,l,h,v,p
238,e,f,f,n,t,f,c,b,p,t,b,s,s,p,p,p,w,o,p,k,y,d
239,p,f,f,w,f,f,w,b,p,t,e,s,f,w,w,p,w,o,e,k,s,g
240,e,f,f,g,f,f,w,b,p,t,e,s,s,w,w,p,w,o,e,n,a,g
241,p,f,f,y,f,f,c,b,h,e,b,k,k,p,b,p,w,o,l,h,y,d
242,e,f,f,g,t,f,c,b,n,t,b,s,s,w,w,p,w,o,p,n,v,d
243,p,x,f,y,f,f,c,b,p,e,b,k,k,b,p,p,w,o,l,h,v,d
244,e,f,f,g,t,f,c,b,w,t,b,s,s,w,w,p,w,o,p,n,v,d
245,e,x,s,w,f,f,w,b,k,t,e,f,s,w,w,p,w,o,e,n,a,g
246,e,f,f,n,t,f,c,b,u,t,b,s,s,p,p,p,w,o,p,n,y,d
247,p,x,f,g,f,f,c,b,h,e,b,k,k,b,p,p,w,o,l,h,v,d
248,p,x,f,y,f,f,c,b,h,e,b,k,k,n,p,p,w,o,l,h,v,d
249,p,x,s,g,f,f,w,n,n,e,b,s,s,w,w,p,w,o,p,n,v,d
250,e,x,s,w,f,f,w,b,h,t,e,s,f,w,w,p,w,o,e,n,s,g
251,e,f,f,e,t,f,c,b,u,t,b,s,s,w,p,p,w,o,p,n,v,d
252,p,f,y,g,f,f,c,b,g,e,b,k,k,p,p,p,w,o,l,h,y,g
253,p,x,y,y,f,f,c,b,g,e,b,k,k,p,p,p,w,o,l,h,v,d
254,p,b,s,y,t,f,c,b,g,e,c,s,s,w,w,p,w,o,p,n,s,m
255,e,f,f,w,f,f,w,b,h,t,e,s,s,w,w,p,w,o,e,k,s,g
256,e,f,s,g,f,f,w,b,n,t,e,s,f,w,w,p,w,o,e,k,s,g
257,e,f,y,e,t,f,c,b,w,t,b,s,s,w,g,p,w,o,p,k,v,d
258,p,f,f,g,f,f,c,b,g,e,b,k,k,b,b,p,w,o,l,h,y,g
259,p,x,f,w,f,f,c,n,p,e,b,s,s,w,w,p,w,o,p,k,v,d
260,e,x,f,n,f,f,w,b,n,t,e,s,s,w,w,p,w,o,e,n,s,g
261,p,x,s,b,t,f,c,b,p,t,b,s,s,w,w,p,w,o,p,h,s,u
262,e,f,f,g,t,f,c,b,p,t,b,s,s,w,w,p,w,o,p,k,y,d
263,e,f,f,n,t,f,c,b,n,t,b,s,s,p,w,p,w,o,p,n,v,d
264,e,x,s,n,f,f,w,b,p,t,e,s,f,w,w,p,w,o,e,n,a,g
265,e,x,f,e,t,f,c,b,p,t,b,s,s,p,p,p,w,o,p,k,y,d
0,p,x,s,b,t,f,c,b,w,t,b,s,f,w,w,p,w,o,p,h,v,u
1,e,b,y,w,t,f,c,b,n,e,c,s,s,w,w,p,w,o,p,k,s,g
2,p,x,f,g,f,f,w,n,p,e,b,s,s,w,w,p,w,o,p,k,s,d
3,e,x,s,w,f,f,w,b,h,t,e,s,s,w,w,p,w,o,e,k,s,g
4,p,x,f,p,f,f,c,n,g,e,b,s,s,w,w,p,w,o,p,n,s,d
5,p,x,f,g,f,f,c,b,h,e,b,k,k,n,n,p,w,o,l,h,y,g
6,p,f,s,w,t,f,c,n,n,e,e,s,s,w,w,p,w,o,p,k,v,u
7,p,x,f,y,f,f,c,b,g,e,b,k,k,p,b,p,w,o,l,h,y,d
8,p,x,s,w,t,f,c,b,w,t,b,s,f,w,w,p,w,o,p,h,s,g
9,e,x,f,e,t,f,c,b,n,t,b,s,s,g,w,p,w,o,p,k,y,d
10,e,b,y,w,t,f,c,b,w,e,c,s,s,w,w,p,w,o,p,k,n,m
11,p,f,y,g,f,f,c,b,p,e,b,k,k,n,n,p,w,o,l,h,y,g
12,e,x,s,n,f,f,w,b,k,t,e,f,f,w,w,p,w,o,e,k,s,g
13,e,f,f,n,f,f,w,b,h,t,e,s,s,w,w,p,w,o,e,k,s,g
14,e,x,y,n,t,f,c,b,p,t,b,s,s,p,g,p,w,o,p,n,v,d
15,p,f,s,b,t,f,c,b,p,t,b,s,f,w,w,p,w,o,p,h,v,g
16,e,f,f,g,t,f,c,b,w,t,b,s,s,p,w,p,w,o,p,k,y,d
17,e,x,f,g,t,f,c,b,n,t,b,s,s,g,g,p,w,o,p,k,y,d
18,p,x,f,y,f,f,c,b,p,e,b,k,k,n,n,p,w,o,l,h,y,g
19,e,x,f,n,t,f,c,b,u,t,b,s,s,g,g,p,w,o,p,k,v,d
20,p,f,f,y,f,f,c,b,h,e,b,k,k,b,n,p,w,o,l,h,v,g
21,e,f,f,y,t,f,w,n,n,t,b,s,s,w,w,p,w,o,p,u,v,d
22,p,x,y,n,t,f,c,n,w,e,e,s,s,w,w,p,w,o,p,n,v,g
23,p,x,s,b,t,f,c,b,h,t,b,f,s,w,w,p,w,o,p,h,v,g
24,p,f,s,b,t,f,c,b,h,t,b,f,f,w,w,p,w,o,p,h,s,u
25,p,x,s,n,f,f,w,b,h,t,e,f,f,w,w,p,w,o,e,k,a,g
26,p,x,f,w,f,f,w,n,g,e,b,s,s,w,w,p,w,o,p,n,v,d
27,e,x,s,n,f,f,w,b,p,t,e,s,s,w,w,p,w,o,e,n,s,g
28,e,x,y,n,t,f,c,b,w,t,b,s,s,g,g,p,w,o,p,n,v,d
29,p,x,f,g,f,f,c,b,p,e,b,k,k,b,p,p,w,o,l,h,y,g
30,e,f,y,n,t,f,c,b,p,t,b,s,s,p,g,p,w,o,p,n,v,d
31,e,f,f,g,f,f,w,b,p,t,e,f,f,w,w,p,w,o,e,k,a,g
32,e,b,s,w,t,f,c,b,w,e,c,s,s,w,w,p,w,o,p,k,n,m
33,e,f,y,g,t,f,c,b,w,t,b,s,s,g,p,p,w,o,p,k,v,d
34,e,x,y,g,t,f,c,b,u,t,b,s,s,g,p,p,w,o,p,n,v,d
35,e,x,y,e,t,f,c,b,p,t,b,s,s,p,p,p,w,o,p,n,v,d
36,e,x,y,e,t,f,c,b,u,t,b,s,s,g,w,p,w,o,p,k,y,d
37,e,s,f,n,f,f,c,n,n,e,e,s,s,w,w,p,w,o,p,k,v,u
38,p,f,s,w,t,f,c,b,p,t,b,s,s,w,w,p,w,o,p,h,s,g
39,e,x,y,g,t,f,c,b,n,t,b,s,s,p,w,p,w,o,p,k,y,d
40,e,x,y,g,t,f,c,b,u,t,b,s,s,w,g,p,w,o,p,k,y,d
41,e,f,f,n,t,f,c,b,p,t,b,s,s,g,g,p,w,o,p,k,v,d
42,e,x,y,w,t,f,c,b,k,e,c,s,s,w,w,p,w,o,p,k,n,m
43,p,f,y,w,t,f,c,b,w,e,b,s,s,w,w,p,w,t,p,r,v,m
44,e,x,y,n,t,f,c,b,w,t,b,s,s,p,g,p,w,o,p,k,v,d
45,e,x,f,n,t,f,c,b,n,t,b,s,s,p,g,p,w,o,p,k,y,d
46,e,f,f,g,t,f,c,b,n,t,b,s,s,p,p,p,w,o,p,k,y,d
47,e,b,y,y,t,f,c,b,g,e,c,s,s,w,w,p,w,o,p,n,n,g
48,e,x,y,y,t,f,c,b,w,e,c,s,s,w,w,p,w,o,p,n,n,g
49,e,x,y,n,t,f,c,b,n,t,b,s,s,g,w,p,w,o,p,k,v,d
50,p,f,f,g,f,f,c,b,h,e,b,k,k,b,p,p,w,o,l,h,v,g
51,p,f,y,y,f,f,c,b,h,e,b,k,k,p,n,p,w,o,l,h,v,d
52,e,f,f,g,t,f,c,b,u,t,b,s,s,g,g,p,w,o,p,k,v,d
53,e,x,f,e,t,f,c,b,n,t,b,s,s,g,w,p,w,o,p,n,v,d
54,e,f,s,n,f,f,w,b,n,t,e,s,f,w,w,p,w,o,e,n,a,g
55,e,x,f,n,t,f,c,b,n,t,b,s,s,p,g,p,w,o,p,n,y,d
56,e,x,f,e,t,f,c,b,u,t,b,s,s,p,w,p,w,o,p,k,v,d
57,p,f,s,b,t,f,c,b,h,t,b,f,f,w,w,p,w,o,p,h,v,g
58,e,f,s,n,f,f,w,b,p,t,e,f,s,w,w,p,w,o,e,n,a,g
59,p,x,y,g,f,f,c,b,g,e,b,k,k,p,b,p,w,o,l,h,y,g
60,e,x,f,g,t,f,c,b,u,t,b,s,s,g,g,p,w,o,p,k,v,d
61,e,x,f,w,f,f,w,b,p,t,e,f,f,w,w,p,w,o,e,n,a,g
62,e,f,s,n,f,f,w,b,k,t,e,s,f,w,w,p,w,o,e,n,a,g
63,e,x,s,w,t,f,c,b,k,e,c,s,s,w,w,p,w,o,p,k,s,m
64,p,f,y,w,t,f,c,n,k,e,e,s,s,w,w,p,w,o,p,n,s,u
65,e,f,f,g,t,f,c,b,p,t,b,s,s,p,w,p,w,o,p,k,v,d
66,e,f,f,n,f,f,w,b,k,t,e,s,f,w,w,p,w,o,e,n,s,g
67,e,f,f,g,t,f,c,b,n,t,b,s,s,p,p,p,w,o,p,n,y,d
68,e,x,f,n,t,f,c,b,n,t,b,s,s,p,p,p,w,o,p,k,y,d
69,p,x,f,g,f,f,c,b,p,e,b,k,k,p,p,p,w,o,l,h,v,p
70,p,x,f,g,f,f,c,b,p,e,b,k,k,b,b,p,w,o,l,h,v,g
71,p,x,y,n,t,f,c,n,w,e,e,s,s,w,w,p,w,o,p,k,v,u
72,p,f,s,g,t,f,c,b,h,t,b,f,s,w,w,p,w,o,p,h,v,u
73,e,f,s,y,t,f,w,n,p,t,b,s,s,w,w,p,w,o,p,u,v,d
74,p,x,y,y,f,f,c,b,h,e,b,k,k,n,n,p,w,o,l,h,y,d
75,e,x,y,y,t,f,c,b,w,e,c,s,s,w,w,p,w,o,p,k,n,g
76,e,x,f,g,f,f,w,b,n,t,e,f,s,w,w,p,w,o,e,n,s,g
77,e,f,y,g,t,f,c,b,w,t,b,s,s,p,p,p,w,o,p,k,v,d
78,e,x,s,g,f,f,w,n,g,e,b,s,s,w,w,p,w,o,p,k,s,d
79,p,x,y,g,f,f,c,b,h,e,b,k,k,b,p,p,w,o,l,h,y,p
80,p,f,f,y,f,f,c,b,h,e,b,k,k,n,b,p,w,o,l,h,y,p
81,p,f,y,g,f,f,c,b,p,e,b,k,k,p,b,p,w,o,l,h,y,p
82,p,f,y,g,f,f,c,b,g,e,b,k,k,n,p,p,w,o,l,h,v,g
83,p,x,s,w,t,f,c,b,p,t,b,s,f,w,w,p,w,o,p,h,v,g
84,p,f,f,g,f,f,c,b,p,e,b,k,k,n,b,p,w,o,l,h,v,p
85,p,x,f,w,f,f,w,n,g,e,b,s,s,w,w,p,w,o,p,k,s,d
86,e,x,y,g,t,f,c,b,u,t,b,s,s,w,p,p,w,o,p,k,y,d
87,p,f,y,g,f,f,c,b,g,e,b,k,k,b,n,p,w,o,l,h,y,g
88,p,f,f,y,f,f,c,b,g,e,b,k,k,n,n,p,w,o,l,h,v,p
89,p,x,f,w,f,f,c,n,g,e,b,s,s,w,w,p,w,o,p,n,v,d
90,e,x,y,e,t,f,c,b,w,t,b,s,s,g,g,p,w,o,p,k,y,d
91,p,x,y,y,f,f,c,b,g,e,b,k,k,p,n,p,w,o,l,h,y,g
92,p,f,s,w,t,f,c,b,h,t,b,s,f,w,w,p,w,o,p,h,v,g
93,p,x,f,g,f,f,c,b,g,e,b,k,k,p,n,p,w,o,l,h,y,p
94,e,f,f,n,f,f,w,b,k,t,e,s,s,w,w,p,w,o,e,n,s,g
95,e,x,y,g,t,f,c,b,w,t,b,s,s,p,g,p,w,o,p,n,y,d
96,p,f,f,n,f,f,c,n,p,e,e,s,s,w,w,p,w,o,p,n,v,u
97,e,x,y,e,t,f,c,b,u,t,b,s,s,p,p,p,w,o,p,n,v,d
98,e,x,s,w,t,f,c,b,g,e,c,s,s,w,w,p,w,o,p,n,n,m
99,p,f,f,y,f,f,c,b,p,e,b,k,k,p,b,p,w,o,l,h,y,d
100,e,x,y,e,t,f,c,b,w,t,b,s,s,p,w,p,w,o,p,n,y,d
101,e,f,f,g,f,f,w,b,p,t,e,s,f,w,w,p,w,o,e,n,a,g
102,e,f,y,y,t,f,c,b,n,e,r,s,y,w,w,p,w,o,p,n,s,g
103,e,f,y,y,t,f,c,b,n,e,r,s,y,w,w,p,w,o,p,k,y,p
104,e,x,f,e,t,f,c,b,n,t,b,s,s,g,w,p,w,o,p,n,y,d
105,p,f,f,g,f,f,c,b,h,e,b,k,k,p,n,p,w,o,l,h,v,g
106,e,x,s,n,f,f,w,b,h,t,e,s,f,w,w,p,w,o,e,n,a,g
107,e,x,f,e,t,f,c,b,w,t,b,s,s,w,w,p,w,o,p,n,v,d
108,e,b,y,w,t,f,c,b,w,e,c,s,s,w,w,p,w,o,p,n,s,m
109,e,x,f,n,t,f,c,b,p,t,b,s,s,g,g,p,w,o,p,k,y,d
110,e,b,s,y,t,f,c,b,w,e,c,s,s,w,w,p,w,o,p,k,n,m
111,p,x,s,n,t,f,c,n,w,e,e,s,s,w,w,p,w,o,p,k,v,u
112,p,x,f,w,f,f,w,n,p,e,b,s,s,w,w,p,w,o,p,n,s,d
113,e,x,y,y,t,f,c,b,n,e,c,s,s,w,w,p,w,o,p,n,n,m
114,p,x,f,y,f,f,c,b,g,e,b,k,k,p,n,p,w,o,l,h,v,p
115,p,x,f,p,f,f,w,n,u,e,b,s,s,w,w,p,w,o,p,k,v,d
116,e,f,y,e,t,f,c,b,p,t,b,s,s,p,p,p,w,o,p,k,v,d
117,e,f,f,n,t,f,c,b,p,t,b,s,s,p,g,p,w,o,p,n,v,d
118,p,x,s,b,t,f,c,b,p,t,b,s,f,w,w,p,w,o,p,h,s,g
119,p,f,y,g,f,f,c,b,p,e,b,k,k,b,n,p,w,o,l,h,y,d
120,p,x,y,g,f,f,c,b,g,e,b,k,k,p,p,p,w,o,l,h,y,g
121,p,x,f,g,f,f,c,b,g,e,b,k,k,b,b,p,w,o,l,h,y,g
122,p,x,f,w,f,f,w,n,g,e,b,s,s,w,w,p,w,o,p,n,s,d
123,p,f,y,g,f,f,c,b,p,e,b,k,k,p,p,p,w,o,l,h,y,g
124,p,x,y,g,f,f,c,b,g,e,b,k,k,b,b,p,w,o,l,h,y,d
125,e,f,f,g,t,f,c,b,u,t,b,s,s,g,g,p,w,o,p,n,v,d
126,e,f,s,n,f,f,w,b,k,t,e,f,s,w,w,p,w,o,e,k,s,g
127,e,x,s,n,f,f,w,b,p,t,e,s,f,w,w,p,w,o,e,n,s,g
128,e,x,y,g,f,f,c,b,h,e,b,k,k,p,b,p,w,o,l,h,y,p
129,e,x,f,w,f,f,w,b,k,t,e,s,s,w,w,p,w,o,e,k,a,g
130,p,f,s,w,t,f,c,b,h,t,b,f,f,w,w,p,w,o,p,h,v,g
131,e,x,y,g,t,f,c,b,w,t,b,s,s,g,p,p,w,o,p,k,y,d
132,p,x,f,g,f,f,c,n,u,e,b,s,s,w,w,p,w,o,p,k,s,d
133,e,x,y,g,t,f,c,b,u,t,b,s,s,g,p,p,w,o,p,n,y,d
134,e,f,s,n,f,f,w,b,h,t,e,f,s,w,w,p,w,o,e,k,a,g
135,p,x,y,g,f,f,c,b,h,e,b,k,k,n,n,p,w,o,l,h,y,g
136,p,x,s,p,f,f,c,n,g,e,b,s,s,w,w,p,w,o,p,k,v,d
137,e,x,f,g,t,f,c,b,w,t,b,s,s,g,g,p,w,o,p,k,v,d
138,p,f,y,g,f,f,c,b,p,e,b,k,k,n,p,p,w,o,l,h,y,g
139,p,x,f,g,f,f,c,b,h,e,b,k,k,b,p,p,w,o,l,h,v,g
140,p,f,s,n,t,f,c,n,w,e,e,s,s,w,w,p,w,o,p,n,s,u
141,e,x,f,n,t,f,c,b,n,t,b,s,s,p,w,p,w,o,p,n,y,d
142,e,x,f,n,t,f,c,b,n,t,b,s,s,w,g,p,w,o,p,k,v,d
143,e,x,s,w,f,f,w,b,n,t,e,s,s,w,w,p,w,o,e,n,a,g
144,e,x,f,g,t,f,c,b,u,t,b,s,s,p,g,p,w,o,p,k,y,d
145,e,f,y,g,t,f,c,b,w,t,b,s,s,w,w,p,w,o,p,n,v,d
146,p,f,s,w,t,f,c,b,p,t,b,f,s,w,w,p,w,o,p,h,v,g
147,e,f,y,e,t,f,c,b,w,t,b,s,s,w,w,p,w,o,p,n,v,d
148,e,b,s,y,t,f,c,b,g,e,c,s,s,w,w,p,w,o,p,k,s,m
149,e,x,y,y,t,f,c,b,n,e,c,s,s,w,w,p,w,o,p,n,s,g
150,e,x,f,c,f,f,w,n,w,e,b,f,f,w,n,p,w,o,e,w,v,l
151,e,f,f,e,t,f,c,b,u,t,b,s,s,w,p,p,w,o,p,n,y,d
152,p,f,f,g,f,f,c,b,p,e,b,k,k,b,b,p,w,o,l,h,v,d
153,p,f,s,w,t,f,c,n,k,e,e,s,s,w,w,p,w,o,p,n,s,u
154,e,f,y,n,t,f,c,b,n,t,b,s,s,g,p,p,w,o,p,n,v,d
155,p,x,y,g,f,f,c,b,p,e,b,k,k,b,b,p,w,o,l,h,y,g
156,e,b,s,w,t,f,c,b,g,e,c,s,s,w,w,p,w,o,p,n,n,m
157,p,f,y,g,f,f,c,b,h,e,b,k,k,n,b,p,w,o,l,h,v,d
158,e,f,s,n,t,f,c,b,w,e,b,s,s,w,w,p,w,t,p,w,v,p
159,p,x,f,n,f,f,w,n,w,e,b,f,s,w,n,p,w,o,e,w,v,l
160,e,f,f,n,f,f,w,b,p,t,e,s,f,w,w,p,w,o,e,n,a,g
161,e,x,f,n,t,f,c,b,n,t,b,s,s,w,w,p,w,o,p,n,v,d
162,e,x,y,y,f,f,c,b,g,e,b,k,k,n,n,p,w,o,l,h,v,d
163,e,x,y,w,t,f,c,b,n,e,c,s,s,w,w,p,w,o,p,k,n,m
164,e,x,f,g,t,f,c,b,w,t,b,s,s,p,g,p,w,o,p,n,y,d
165,p,x,y,g,f,f,c,b,g,e,b,k,k,p,n,p,w,o,l,h,v,d
166,p,x,y,g,f,f,c,b,g,e,b,k,k,n,p,p,w,o,l,h,y,g
167,e,f,f,n,f,f,w,b,k,t,e,s,f,w,w,p,w,o,e,k,s,g
168,e,x,f,e,t,f,c,b,u,t,b,s,s,p,w,p,w,o,p,n,y,d
169,p,f,f,g,f,f,c,b,h,e,b,k,k,p,b,p,w,o,l,h,v,p
170,e,x,y,y,t,f,c,b,p,e,r,s,y,w,w,p,w,o,p,n,y,g
171,e,f,f,e,t,f,c,b,u,t,b,s,s,g,w,p,w,o,p,n,v,d
172,e,x,s,b,t,f,c,b,h,t,b,f,s,w,w,p,w,o,p,h,v,u
173,e,f,f,e,t,f,c,b,p,t,b,s,s,p,w,p,w,o,p,n,v,d
174,e,f,s,n,f,f,w,b,k,t,e,f,f,w,w,p,w,o,e,k,s,g
175,p,f,y,g,f,f,c,b,p,e,b,k,k,n,n,p,w,o,l,h,y,p
176,p,f,s,w,t,f,c,b,r,e,b,s,s,w,w,p,w,t,p,r,v,g
177,e,x,f,g,f,f,w,b,p,t,e,f,s,w,w,p,w,o,e,n,a,g
178,e,x,f,n,f,f,w,b,h,t,e,f,f,w,w,p,w,o,e,k,s,g
179,p,x,f,y,f,f,c,b,g,e,b,k,k,p,b,p,w,o,l,h,v,d
180,e,x,y,n,t,f,c,b,p,e,r,s,y,w,w,p,w,o,p,n,y,p
181,p,f,y,y,f,f,c,b,p,e,b,k,k,n,n,p,w,o,l,h,v,p
182,e,x,f,g,t,f,c,b,w,t,b,s,s,g,g,p,w,o,p,n,v,d
183,e,f,y,e,t,f,c,b,u,t,b,s,s,p,g,p,w,o,p,n,v,d
184,e,x,s,w,t,f,c,b,k,e,c,s,s,w,w,p,w,o,p,n,s,g
185,p,f,s,b,t,f,c,b,w,t,b,s,s,w,w,p,w,o,p,h,s,g
186,e,x,f,w,f,f,w,b,k,t,e,f,s,w,w,p,w,o,e,k,a,g
187,p,x,f,g,f,f,c,b,g,e,b,k,k,p,p,p,w,o,l,h,y,p
188,e,f,f,n,t,f,c,b,n,t,b,s,s,w,w,p,w,o,p,k,v,d
189,e,f,s,w,t,f,w,n,p,t,b,s,s,w,w,p,w,o,p,n,v,d
190,e,f,y,p,t,f,c,b,w,e,b,s,s,w,w,p,w,t,p,w,y,p
191,p,f,f,g,f,f,c,b,h,e,b,k,k,b,n,p,w,o,l,h,y,d
192,p,f,y,e,f,f,c,b,w,e,c,k,y,c,c,p,w,n,n,w,c,d
193,e,x,s,y,t,f,c,b,w,e,c,s,s,w,w,p,w,o,p,n,n,g
194,p,x,f,g,f,f,c,b,g,e,b,k,k,n,b,p,w,o,l,h,y,p
195,e,x,s,y,t,f,c,b,k,e,c,s,s,w,w,p,w,o,p,k,n,g
196,p,x,f,y,f,f,c,b,p,e,b,k,k,n,b,p,w,o,l,h,v,d
197,p,x,y,g,f,f,c,b,g,e,b,k,k,b,n,p,w,o,l,h,y,d
198,e,f,f,g,t,f,c,b,u,t,b,s,s,g,g,p,w,o,p,k,y,d
199,e,f,s,g,f,f,w,b,p,t,e,s,s,w,w,p,w,o,e,k,a,g
200,e,f,f,w,f,f,w,b,p,t,e,s,s,w,w,p,w,o,e,n,s,g
201,e,x,f,g,t,f,c,b,w,t,b,s,s,g,w,p,w,o,p,k,y,d
202,e,x,f,w,f,f,w,b,k,t,e,f,s,w,w,p,w,o,e,k,s,g
203,e,x,y,n,t,f,c,b,w,e,r,s,y,w,w,p,w,o,p,k,y,p
204,p,f,y,g,t,f,c,b,p,t,b,s,s,p,p,p,w,o,p,n,v,d
205,e,f,f,e,t,f,c,b,p,t,b,s,s,p,g,p,w,o,p,k,v,d
206,p,f,f,g,f,f,c,b,g,e,b,k,k,n,p,p,w,o,l,h,v,p
207,p,x,s,b,t,f,c,b,w,t,b,f,s,w,w,p,w,o,p,h,s,g
208,p,f,s,w,t,f,c,b,p,t,b,s,f,w,w,p,w,o,p,h,v,g
209,p,f,f,g,f,f,c,b,h,e,b,k,k,b,n,p,w,o,l,h,v,p
210,p,x,y,y,f,f,c,b,h,e,b,k,k,p,n,p,w,o,l,h,y,g
211,e,f,f,e,t,f,c,b,n,t,b,s,s,g,g,p,w,o,p,k,v,d
212,e,x,s,w,f,f,w,b,p,t,e,s,f,w,w,p,w,o,e,n,s,g
213,p,f,f,n,f,f,w,b,h,t,e,f,f,w,w,p,w,o,e,k,a,g
214,p,f,s,n,t,f,c,n,w,e,e,s,s,w,w,p,w,o,p,k,v,u
215,e,x,f,g,f,f,w,b,h,t,e,f,s,w,w,p,w,o,e,k,s,g
216,e,x,s,w,f,f,w,b,k,t,e,s,s,w,w,p,w,o,e,k,a,g
217,e,f,s,n,f,f,w,b,p,t,e,f,s,w,w,p,w,o,e,n,s,g
218,e,f,y,g,t,f,c,b,u,t,b,s,s,p,p,p,w,o,p,k,y,d
219,p,f,s,g,t,f,c,b,w,t,b,s,s,w,w,p,w,o,p,h,s,u
220,p,f,f,g,f,f,c,b,h,e,b,k,k,n,b,p,w,o,l,h,v,p
221,e,x,f,e,t,f,c,b,w,t,b,s,s,g,p,p,w,o,p,n,y,d
222,e,f,f,n,t,f,c,b,w,t,b,s,s,g,w,p,w,o,p,n,y,d
223,p,f,s,w,t,f,c,n,p,e,e,s,s,w,w,p,w,o,p,n,s,g
224,p,f,f,y,f,f,c,b,p,e,b,k,k,b,b,p,w,o,l,h,v,d
225,e,x,f,n,f,f,w,b,n,t,e,s,s,w,w,p,w,o,e,k,a,g
226,p,f,s,n,t,f,c,n,p,e,e,s,s,w,w,p,w,o,p,k,s,g
227,p,f,s,g,t,f,c,b,h,t,b,s,f,w,w,p,w,o,p,h,v,u
228,e,f,f,y,f,f,c,b,p,e,b,k,k,b,b,p,w,o,l,h,v,g
229,p,f,y,g,f,f,c,b,h,e,b,k,k,p,p,p,w,o,l,h,v,g
230,e,b,y,y,t,f,c,b,n,e,c,s,s,w,w,p,w,o,p,n,n,g
231,e,f,f,e,t,f,c,b,p,t,b,s,s,g,g,p,w,o,p,n,v,d
232,e,f,f,e,t,f,c,b,u,t,b,s,s,p,g,p,w,o,p,k,v,d
233,e,x,y,n,t,f,c,n,w,e,e,s,s,w,w,p,w,o,p,n,v,u
234,p,b,y,y,t,f,c,b,w,e,c,s,s,w,w,p,w,o,p,n,s,m
235,p,x,f,p,f,f,w,n,g,e,b,s,s,w,w,p,w,o,p,k,v,d
236,e,b,s,y,t,f,c,b,n,e,c,s,s,w,w,p,w,o,p,n,n,g
237,e,x,f,g,t,f,c,b,p,t,b,s,s,w,p,p,w,o,p,k,v,d
238,e,x,f,n,t,f,c,b,u,t,b,s,s,p,g,p,w,o,p,k,v,d
239,e,f,f,g,f,f,c,b,g,e,b,k,k,p,b,p,w,o,l,h,v,p
240,e,x,f,e,t,f,c,b,n,t,b,s,s,w,w,p,w,o,p,k,y,d
241,p,x,s,g,f,f,c,n,p,e,b,s,s,w,w,p,w,o,p,k,v,d
242,e,x,y,e,t,f,c,b,p,t,b,s,s,g,p,p,w,o,p,n,y,d
243,e,f,f,g,t,f,c,b,n,t,b,s,s,g,p,p,w,o,p,k,y,d
244,p,x,y,y,f,f,c,b,g,e,b,k,k,b,p,p,w,o,l,h,y,g
245,p,x,f,g,f,f,w,n,g,e,b,s,s,w,w,p,w,o,p,n,v,d
246,p,c,y,w,t,f,w,n,w,e,b,s,s,w,w,p,w,o,p,w,c,l
247,p,f,y,g,f,f,c,b,h,e,b,k,k,p,p,p,w,o,l,h,v,p
248,e,x,y,g,t,f,c,b,u,t,b,s,s,g,w,p,w,o,p,k,v,d
249,p,x,y,g,f,f,c,b,h,e,b,k,k,n,b,p,w,o,l,h,v,p
250,p,x,s,n,t,f,c,n,p,e,e,s,s,w,w,p,w,o,p,k,s,u
251,p,f,f,y,f,f,c,b,g,e,b,k,k,p,p,p,w,o,l,h,v,p
252,e,f,y,n,t,f,c,b,w,t,b,s,s,p,w,p,w,o,p,k,v,d
253,e,f,y,g,t,f,c,b,p,t,b,s,s,p,w,p,w,o,p,k,y,d
254,e,f,y,y,t,f,c,b,n,e,r,s,y,w,w,p,w,o,p,k,s,p
255,e,x,f,n,t,f,c,b,n,t,b,s,s,g,w,p,w,o,p,n,v,d
256,e,f,f,g,t,f,c,b,p,t,b,s,s,w,g,p,w,o,p,n,v,d
257,e,f,s,g,f,f,w,b,n,t,e,s,s,w,w,p,w,o,e,k,a,g
258,e,x,f,n,f,f,w,b,n,t,e,s,f,w,w,p,w,o,e,k,a,g
259,p,x,y,y,t,f,c,b,g,e,c,s,s,w,w,p,w,o,p,k,n,g
260,p,x,s,w,f,f,c,n,g,e,b,s,s,w,w,p,w,o,p,k,v,d
261,p,x,y,y,f,f,c,b,g,e,b,k,k,p,p,p,w,o,l,h,v,g
262,p,f,y,y,f,f,c,b,g,e,b,k,k,n,n,p,w,o,l,h,y,p
263,p,k,y,n,f,f,c,b,w,e,c,k,y,c,c,p,w,n,n,w,c,d
264,e,f,y,e,t,f,c,b,w,t,b,s,s,g,w,p,w,o,p,k,y,d
265,e,f,y,n,t,f,c,b,p,e,r,s,y,w,w,p,w,o,p,n,y,g
0,p,x,f,y,f,f,c,b,p,e,b,k,k,b,n,p,w,o,l,h,y,p
1,p,f,f,g,f,f,w,b,h,t,e,f,f,w,w,p,w,o,e,n,s,g
2,p,x,f,g,f,f,c,b,h,e,b,k,k,p,b,p,w,o,l,h,y,d
3,e,f,f,n,f,f,c,n,p,e,e,s,s,w,w,p,w,o,p,k,v,u
4,e,x,s,g,f,f,w,b,h,t,e,f,s,w,w,p,w,o,e,n,a,g
5,p,x,y,g,f,f,c,b,h,e,b,k,k,b,b,p,w,o,l,h,y,p
6,e,x,y,g,f,f,c,b,p,e,b,k,k,b,p,p,w,o,l,h,y,d
7,e,x,y,e,t,f,c,b,n,t,b,s,s,w,w,p,w,o,p,n,y,d
8,e,x,f,e,t,f,c,b,p,t,b,s,s,w,g,p,w,o,p,n,v,d
9,e,f,s,w,f,f,w,b,p,t,e,s,f,w,w,p,w,o,e,k,s,g
10,e,x,f,g,t,f,c,b,p,t,b,s,s,g,w,p,w,o,p,n,y,d
11,e,x,y,e,t,f,c,b,u,t,b,s,s,g,p,p,w,o,p,k,y,d
12,e,x,f,g,t,f,c,b,u,t,b,s,s,g,g,p,w,o,p,n,v,d
13,e,f,y,p,t,f,c,b,w,e,b,s,s,w,w,p,w,t,p,w,v,p
14,e,f,y,n,t,f,c,b,n,t,b,s,s,p,p,p,w,o,p,n,y,d
15,p,x,f,e,t,f,c,b,w,t,b,s,s,p,w,p,w,o,p,n,y,d
16,e,f,f,n,t,f,c,b,n,t,b,s,s,g,g,p,w,o,p,n,v,d
17,p,b,s,p,t,f,c,b,r,e,b,s,s,w,w,p,w,t,p,r,v,g
18,e,b,y,y,t,f,c,b,w,e,c,s,s,w,w,p,w,o,p,k,n,m
19,p,x,f,g,t,f,c,b,p,t,b,s,s,g,w,p,w,o,p,k,v,d
20,p,f,y,y,f,f,c,b,p,e,b,k,k,n,p,p,w,o,l,h,y,g
21,e,x,y,e,t,f,c,b,n,t,b,s,s,w,g,p,w,o,p,k,v,d
22,p,x,y,y,f,f,c,b,g,e,b,k,k,p,p,p,w,o,l,h,y,d
23,e,f,f,n,t,f,c,b,n,t,b,s,s,p,w,p,w,o,p,k,v,d
24,e,x,y,e,t,f,c,b,n,t,b,s,s,g,p,p,w,o,p,n,y,d
25,e,x,y,g,t,f,c,b,u,t,b,s,s,w,g,p,w,o,p,k,v,d
26,e,x,f,w,f,f,w,b,p,t,e,f,s,w,w,p,w,o,e,k,s,g
27,e,x,y,e,t,f,c,b,w,t,b,s,s,p,w,p,w,o,p,k,v,d
28,e,x,y,y,t,f,c,b,n,e,r,s,y,w,w,p,w,o,p,n,s,g
29,p,f,y,g,f,f,c,b,h,e,b,k,k,p,b,p,w,o,l,h,v,g
30,e,x,f,n,t,f,c,b,w,t,b,s,s,p,p,p,w,o,p,k,y,d
31,e,x,f,y,f,f,c,b,g,e,b,k,k,p,n,p,w,o,l,h,v,g
32,p,x,s,w,t,f,c,b,w,t,b,s,s,w,w,p,w,o,p,h,v,g
33,e,x,f,n,f,f,w,b,p,t,e,s,f,w,w,p,w,o,e,k,s,g
34,e,f,f,n,f,f,w,b,n,t,e,f,f,w,w,p,w,o,e,n,s,g
35,e,f,f,e,t,f,c,b,n,t,b,s,s,w,w,p,w,o,p,k,y,d
36,p,x,y,g,f,f,c,b,g,e,b,k,k,n,b,p,w,o,l,h,y,g
37,e,f,f,w,f,f,w,b,p,t,e,f,f,w,w,p,w,o,e,k,a,g
38,e,x,f,g,f,f,w,b,p,t,e,s,f,w,w,p,w,o,e,n,a,g
39,p,x,f,n,t,f,c,b,u,t,b,s,s,g,p,p,w,o,p,k,v,d
40,p,x,y,n,t,f,c,b,w,t,b,s,s,g,g,p,w,o,p,k,y,d
41,p,x,f,y,f,f,c,b,p,e,b,k,k,p,n,p,w,o,l,h,v,p
42,p,x,s,w,t,f,c,n,p,e,e,s,s,w,w,p,w,o,p,n,s,u
43,e,f,f,n,t,f,c,b,u,t,b,s,s,p,g,p,w,o,p,n,v,d
44,e,x,s,n,f,f,w,b,h,t,e,f,s,w,w,p,w,o,e,n,s,g
45,p,f,s,w,t,f,c,n,k,e,e,s,s,w,w,p,w,o,p,k,v,g
46,e,x,f,n,f,f,w,b,k,t,e,s,s,w,w,p,w,o,e,k,s,g
47,p,f,s,n,t,f,c,n,w,e,e,s,s,w,w,p,w,o,p,n,v,u
48,e,x,f,n,f,f,w,b,p,t,e,f,s,w,w,p,w,o,e,n,a,g
49,e,f,f,n,f,f,w,b,h,t,e,s,f,w,w,p,w,o,e,k,s,g
50,e,x,y,g,t,f,c,b,p,t,b,s,s,g,p,p,w,o,p,k,v,d
51,e,f,s,g,f,f,w,b,h,t,e,s,f,w,w,p,w,o,e,k,a,g
52,e,x,f,e,t,f,c,b,u,t,b,s,s,w,g,p,w,o,p,k,y,d
53,p,f,s,n,f,f,w,b,k,t,e,f,s,w,w,p,w,o,e,n,a,g
54,e,x,f,e,t,f,c,b,w,t,b,s,s,g,w,p,w,o,p,n,v,d
55,p,f,f,g,f,f,c,b,p,e,b,k,k,p,n,p,w,o,l,h,v,d
56,p,x,f,g,f,f,c,b,p,e,b,k,k,b,n,p,w,o,l,h,y,d
57,p,f,f,g,f,f,c,b,h,e,b,k,k,n,n,p,w,o,l,h,y,d
58,p,x,f,w,f,f,c,n,n,e,b,s,s,w,w,p,w,o,p,k,v,d
59,e,x,f,y,t,f,w,n,p,t,b,s,s,w,w,p,w,o,p,n,v,d
60,p,x,s,n,t,f,c,n,n,e,e,s,s,w,w,p,w,o,p,k,v,u
61,e,f,y,n,t,f,c,b,w,t,b,s,s,g,w,p,w,o,p,n,v,d
62,p,f,y,n,t,f,c,b,n,t,b,s,s,g,p,p,w,o,p,n,y,d
63,e,x,y,g,f,f,c,b,g,e,b,k,k,b,n,p,w,o,l,h,y,p
64,e,f,f,g,f,f,w,b,k,t,e,f,s,w,w,p,w,o,e,k,a,g
65,e,b,y,w,t,f,c,b,n,e,c,s,s,w,w,p,w,o,p,k,n,m
66,p,x,s,w,t,f,c,b,h,t,b,s,f,w,w,p,w,o,p,h,v,u
67,p,f,y,y,f,f,w,n,w,e,c,y,y,y,y,p,y,o,e,w,c,l
68,p,f,s,w,t,f,c,n,k,e,e,s,s,w,w,p,w,o,p,k,s,g
69,e,b,s,w,t,f,c,b,n,e,c,s,s,w,w,p,w,o,p,k,n,m
70,e,f,f,n,t,f,c,b,w,t,b,s,s,g,w,p,w,o,p,n,v,d
71,e,x,f,g,t,f,c,b,w,t,b,s,s,g,g,p,w,o,p,n,y,d
72,e,x,s,y,t,f,c,b,k,e,c,s,s,w,w,p,w,o,p,n,n,g
73,e,x,y,g,t,f,c,b,p,t,b,s,s,g,g,p,w,o,p,k,v,d
74,e,x,s,n,f,f,w,b,h,t,e,s,f,w,w,p,w,o,e,n,s,g
75,e,x,y,g,t,f,c,b,p,t,b,s,s,w,w,p,w,o,p,k,y,d
76,p,f,f,y,f,f,c,b,p,e,b,k,k,n,p,p,w,o,l,h,y,g
77,e,f,f,g,t,f,c,b,p,t,b,s,s,g,w,p,w,o,p,n,v,d
78,e,f,f,g,t,f,c,b,w,t,b,s,s,g,w,p,w,o,p,n,v,d
79,e,f,y,n,t,f,c,b,u,t,b,s,s,p,p,p,w,o,p,n,y,d
80,e,x,y,e,t,f,c,b,n,t,b,s,s,g,w,p,w,o,p,k,v,d
81,p,f,s,b,t,f,c,b,p,t,b,s,f,w,w,p,w,o,p,h,v,u
82,e,x,y,y,t,f,c,b,k,e,c,s,s,w,w,p,w,o,p,k,s,m
83,p,x,y,y,f,f,c,b,g,e,b,k,k,n,p,p,w,o,l,h,v,p
84,p,x,y,w,t,f,c,n,p,e,e,s,s,w,w,p,w,o,p,n,v,u
85,e,f,y,n,t,f,c,b,u,t,b,s,s,p,g,p,w,o,p,k,y,d
86,e,f,y,g,t,f,c,b,p,t,b,s,s,p,p,p,w,o,p,n,y,d
87,p,f,f,w,f,f,w,b,k,t,e,s,f,w,w,p,w,o,e,n,a,g
88,p,x,s,g,f,f,c,n,n,e,b,s,s,w,w,p,w,o,p,k,s,d
89,e,f,f,e,t,f,c,b,p,t,b,s,s,w,g,p,w,o,p,n,v,d
90,p,f,f,y,f,f,c,b,p,e,b,k,k,n,n,p,w,o,l,h,y,d
91,p,f,y,e,t,f,c,b,u,t,b,s,s,w,g,p,w,o,p,k,v,d
92,p,x,s,w,f,f,w,n,g,e,b,s,s,w,w,p,w,o,p,k,v,d
93,e,f,y,g,t,f,c,b,p,t,b,s,s,w,w,p,w,o,p,k,y,d
94,p,f,y,g,f,f,c,b,g,e,b,k,k,p,p,p,w,o,l,h,y,d
95,e,x,f,g,t,f,c,b,u,t,b,s,s,w,g,p,w,o,p,k,y,d
96,e,f,f,e,t,f,c,b,n,t,b,s,s,p,w,p,w,o,p,k,y,d
97,p,k,y,e,f,a,c,b,y,e,c,k,y,c,c,p,w,n,n,w,c,d
98,e,b,s,y,t,f,c,b,w,e,c,s,s,w,w,p,w,o,p,n,s,g
99,p,x,y,g,f,f,c,b,g,e,b,k,k,n,p,p,w,o,l,h,v,d
100,e,f,y,e,t,f,c,b,n,t,b,s,s,g,w,p,w,o,p,k,v,d
101,p,f,f,y,f,f,c,b,h,e,b,k,k,n,p,p,w,o,l,h,v,p
102,p,x,f,g,f,f,c,b,p,e,b,k,k,n,n,p,w,o,l,h,y,d
103,e,x,s,w,f,f,w,b,k,t,e,s,f,w,w,p,w,o,e,n,s,g
104,e,x,y,y,t,f,c,b,g,e,c,s,s,w,w,p,w,o,p,k,n,m
105,e,f,y,n,t,f,c,b,w,t,b,s,s,w,w,p,w,o,p,n,v,d
106,e,f,y,c,f,a,c,b,y,e,c,k,y,c,c,p,w,n,n,w,c,d
107,e,f,y,g,t,f,c,b,w,e,b,s,s,w,w,p,w,t,p,w,v,p
108,p,f,y,y,f,f,c,b,g,e,b,k,k,p,b,p,w,o,l,h,v,p
109,e,f,f,n,t,f,c,b,w,t,b,s,s,w,p,p,w,o,p,k,y,d
110,p,f,s,g,t,f,c,b,w,t,b,f,s,w,w,p,w,o,p,h,v,g
111,e,f,f,n,f,f,c,n,p,e,e,s,s,w,w,p,w,o,p,k,y,u
112,e,f,f,e,t,f,c,b,u,t,b,s,s,p,p,p,w,o,p,k,v,d
113,e,x,y,g,t,f,c,b,p,t,b,s,s,g,w,p,w,o,p,n,y,d
114,e,f,y,e,t,f,c,b,u,t,b,s,s,g,w,p,w,o,p,k,v,d
115,p,b,y,y,t,f,c,b,n,e,c,s,s,w,w,p,w,o,p,k,s,g
116,e,f,f,g,f,f,c,n,p,e,e,s,s,w,w,p,w,o,p,k,y,u
117,e,f,y,n,t,f,c,b,n,t,b,s,s,g,g,p,w,o,p,n,y,d
118,p,x,s,w,t,f,c,n,n,e,e,s,s,w,w,p,w,o,p,n,s,u
119,p,x,y,y,f,f,c,b,g,e,b,k,k,p,b,p,w,o,l,h,v,d
120,e,b,y,y,t,f,c,b,g,e,c,s,s,w,w,p,w,o,p,n,s,g
121,e,x,y,g,f,f,c,b,g,e,b,k,k,p,b,p,w,o,l,h,y,p
122,e,f,y,g,t,f,c,b,w,t,b,s,s,p,p,p,w,o,p,n,v,d
123,e,x,y,w,t,f,c,b,n,e,c,s,s,w,w,p,w,o,p,n,s,m
124,p,f,f,n,f,f,w,b,n,t,e,s,f,w,w,p,w,o,e,k,a,g
125,p,x,y,e,t,f,c,b,n,t,b,s,s,w,g,p,w,o,p,n,y,d
126,p,f,f,y,f,f,c,b,p,e,b,k,k,p,n,p,w,o,l,h,v,d
127,e,x,y,y,t,f,c,b,w,e,r,s,y,w,w,p,w,o,p,n,s,g
128,e,x,f,w,f,f,w,b,p,t,e,f,f,w,w,p,w,o,e,k,s,g
129,p,f,f,y,f,f,c,b,g,e,b,k,k,b,b,p,w,o,l,h,v,g
130,p,f,y,n,t,f,c,n,k,e,e,s,s,w,w,p,w,o,p,n,v,g
131,e,x,s,w,t,f,w,n,p,t,b,s,s,w,w,p,w,o,p,n,v,d
132,e,s,f,g,f,f,c,n,n,e,e,s,s,w,w,p,w,o,p,n,y,u
133,p,f,y,y,f,f,c,b,g,e,b,k,k,n,n,p,w,o,l,h,v,d
134,e,f,f,g,t,f,c,b,p,t,b,s,s,p,p,p,w,o,p,n,v,d
135,p,x,s,g,f,f,c,n,u,e,b,s,s,w,w,p,w,o,p,k,v,d
136,e,x,f,g,t,f,c,b,w,t,b,s,s,w,g,p,w,o,p,n,v,d
137,e,f,f,n,f,f,w,b,h,t,e,f,f,w,w,p,w,o,e,n,a,g
138,e,x,s,g,f,f,w,b,h,t,e,s,s,w,w,p,w,o,e,n,s,g
139,p,x,f,y,f,f,c,b,h,e,b,k,k,n,p,p,w,o,l,h,y,g
140,e,f,f,g,f,f,w,b,k,t,e,f,f,w,w,p,w,o,e,n,s,g
141,p,x,y,y,f,f,c,b,g,e,b,k,k,p,n,p,w,o,l,h,v,p
142,e,f,f,n,t,f,c,b,u,t,b,s,s,w,w,p,w,o,p,n,v,d
143,e,x,y,w,t,f,c,b,g,e,c,s,s,w,w,p,w,o,p,k,s,m
144,p,x,y,g,f,f,c,b,g,e,b,k,k,b,n,p,w,o,l,h,y,g
145,p,f,y,g,f,f,c,b,g,e,b,k,k,n,n,p,w,o,l,h,v,p
146,p,f,s,g,t,f,c,b,p,t,b,f,s,w,w,p,w,o,p,h,s,g
147,p,x,s,w,t,f,c,b,p,t,b,s,s,w,w,p,w,o,p,h,v,g
148,p,x,y,y,f,f,c,b,p,e,b,k,k,b,p,p,w,o,l,h,y,d
149,e,f,f,n,t,f,c,b,n,t,b,s,s,g,w,p,w,o,p,k,y,d
150,p,x,f,g,f,f,c,b,h,e,b,k,k,p,p,p,w,o,l,h,y,g
151,e,x,f,g,f,f,w,b,h,t,e,s,s,w,w,p,w,o,e,n,s,g
152,e,x,s,g,f,f,w,b,p,t,e,s,s,w,w,p,w,o,e,k,s,g
153,p,x,f,y,f,f,c,b,p,e,b,k,k,b,n,p,w,o,l,h,y,d
154,p,f,f,g,f,f,c,b,h,e,b,k,k,b,p,p,w,o,l,h,y,d
155,p,x,f,p,f,f,c,n,u,e,b,s,s,w,w,p,w,o,p,n,s,d
156,e,x,s,w,f,f,w,b,k,t,e,f,s,w,w,p,w,o,e,k,a,g
157,e,f,f,g,t,f,c,b,p,t,b,s,s,g,w,p,w,o,p,k,v,d
158,e,f,y,g,t,f,c,b,w,t,b,s,s,p,g,p,w,o,p,k,y,d
159,p,f,f,n,f,f,w,b,h,t,e,f,f,w,w,p,w,o,e,k,s,g
160,e,x,y,y,t,f,c,b,w,e,r,s,y,w,w,p,w,o,p,n,y,p
161,e,x,y,n,t,f,c,b,p,t,b,s,s,p,w,p,w,o,p,k,v,d
162,p,x,f,y,f,f,c,b,p,e,b,k,k,p,p,p,w,o,l,h,y,p
163,e,x,y,g,t,f,c,b,n,t,b,s,s,w,p,p,w,o,p,k,y,d
164,e,f,y,n,t,f,c,b,p,t,b,s,s,w,g,p,w,o,p,k,v,d
165,e,f,f,n,f,f,w,b,h,t,e,s,s,w,w,p,w,o,e,n,a,g
166,e,x,s,n,t,f,c,b,w,e,b,s,s,w,w,p,w,t,p,w,y,p
167,p,x,f,g,f,f,w,n,n,e,b,s,s,w,w,p,w,o,p,k,v,d
168,e,b,s,w,t,f,c,b,k,e,c,s,s,w,w,p,w,o,p,k,s,m
169,p,f,s,b,t,f,c,b,w,t,b,s,f,w,w,p,w,o,p,h,s,u
170,e,x,f,n,t,f,c,b,w,t,b,s,s,w,g,p,w,o,p,k,y,d
171,p,x,f,w,f,f,w,n,n,e,b,s,s,w,w,p,w,o,p,k,s,d
172,e,x,f,g,t,f,c,b,u,t,b,s,s,g,w,p,w,o,p,k,y,d
173,e,x,f,n,f,f,w,n,w,e,b,f,f,w,n,p,w,o,e,w,v,l
174,p,x,s,g,t,f,c,b,p,t,b,s,f,w,w,p,w,o,p,h,s,g
175,e,x,s,n,f,f,w,b,p,t,e,f,f,w,w,p,w,o,e,n,s,g
176,e,x,s,n,f,f,w,b,p,t,e,f,f,w,w,p,w,o,e,k,a,g
177,p,x,f,g,f,f,c,b,g,e,b,k,k,n,n,p,w,o,l,h,y,d
178,p,x,y,g,f,f,c,b,p,e,b,k,k,n,b,p,w,o,l,h,v,p
179,e,x,f,e,t,f,c,b,p,t,b,s,s,w,g,p,w,o,p,n,y,d
180,p,f,f,y,f,f,c,b,g,e,b,k,k,n,n,p,w,o,l,h,v,d
181,e,f,y,n,t,f,c,b,n,t,b,s,s,g,w,p,w,o,p,n,v,d
182,p,x,s,g,t,f,c,b,h,t,b,f,s,w,w,p,w,o,p,h,v,g
183,e,f,y,e,t,f,c,b,u,t,b,s,s,p,p,p,w,o,p,k,v,d
184,e,x,s,n,f,f,w,b,k,t,e,f,s,w,w,p,w,o,e,n,a,g
185,p,f,f,w,f,f,w,b,h,t,e,s,f,w,w,p,w,o,e,k,s,g
186,e,f,y,g,t,f,c,b,u,t,b,s,s,w,g,p,w,o,p,n,y,d
187,e,f,s,n,f,f,w,b,n,t,e,s,f,w,w,p,w,o,e,k,s,g
188,p,f,f,y,f,f,c,b,p,e,b,k,k,n,n,p,w,o,l,h,v,d
189,e,f,y,n,t,f,c,b,n,t,b,s,s,g,g,p,w,o,p,k,y,d
190,e,f,y,n,t,f,c,b,n,t,b,s,s,w,g,p,w,o,p,k,y,d
191,e,x,y,e,t,f,c,b,n,t,b,s,s,p,w,p,w,o,p,n,v,d
192,p,f,f,y,f,f,c,b,p,e,b,k,k,n,b,p,w,o,l,h,y,p
193,e,f,f,g,t,f,c,b,p,t,b,s,s,w,p,p,w,o,p,n,v,d
194,e,x,y,e,t,f,c,b,p,t,b,s,s,p,w,p,w,o,p,n,v,d
195,p,f,y,y,f,f,c,b,h,e,b,k,k,n,b,p,w,o,l,h,y,p
196,e,x,s,y,t,f,c,b,k,e,c,s,s,w,w,p,w,o,p,k,n,m
197,e,x,y,n,t,f,c,b,w,e,r,s,y,w,w,p,w,o,p,k,s,p
198,p,f,s,g,t,f,c,b,h,t,b,s,s,w,w,p,w,o,p,h,s,g
199,p,x,s,w,t,f,c,b,h,t,b,f,s,w,w,p,w,o,p,h,s,u
200,p,f,f,y,f,f,c,b,h,e,b,k,k,b,n,p,w,o,l,h,y,d
201,e,x,s,w,f,f,w,b,p,t,e,s,f,w,w,p,w,o,e,k,a,g
202,p,x,s,g,t,f,c,b,w,t,b,f,f,w,w,p,w,o,p,h,s,u
203,e,x,f,g,f,f,c,n,k,e,e,s,s,w,w,p,w,o,p,n,y,u
204,e,f,s,n,f,f,w,b,p,t,e,s,f,w,w,p,w,o,e,n,s,g
205,p,f,y,g,f,f,c,b,g,e,b,k,k,b,b,p,w,o,l,h,v,p
206,e,f,y,w,t,f,c,n,k,e,e,s,s,w,w,p,w,o,p,n,s,g
207,e,b,s,y,t,f,c,b,n,e,c,s,s,w,w,p,w,o,p,k,s,m
208,p,f,y,g,f,f,c,b,p,e,b,k,k,n,p,p,w,o,l,h,y,d
209,e,x,y,c,f,f,w,n,w,e,b,f,s,w,n,p,w,o,e,w,v,l
210,p,k,y,e,f,a,c,b,w,e,c,k,y,c,c,p,w,n,n,w,c,d
211,p,x,y,y,f,f,c,b,h,e,b,k,k,p,p,p,w,o,l,h,v,d
212,e,f,y,n,t,f,c,b,p,t,b,s,s,w,p,p,w,o,p,n,v,d
213,e,x,f,n,t,f,c,b,p,t,b,s,s,w,w,p,w,o,p,k,y,d
214,p,f,s,w,f,f,w,b,k,t,e,s,s,w,w,p,w,o,e,n,s,g
215,e,f,f,n,f,f,w,b,n,t,e,f,s,w,w,p,w,o,e,n,s,g
216,e,x,s,g,f,f,w,b,n,t,e,f,s,w,w,p,w,o,e,k,a,g
217,p,x,s,w,t,f,c,n,k,e,e,s,s,w,w,p,w,o,p,n,v,g
218,e,f,y,n,t,f,c,b,w,t,b,s,s,p,g,p,w,o,p,k,y,d
219,p,f,f,e,t,f,c,b,w,t,b,s,s,w,w,p,w,o,p,k,y,d
220,e,x,f,g,f,f,c,n,n,e,e,s,s,w,w,p,w,o,p,k,y,u
221,e,x,s,w,f,f,w,b,k,t,e,f,f,w,w,p,w,o,e,n,s,g
222,p,x,y,g,f,f,c,b,p,e,b,k,k,n,b,p,w,o,l,h,v,g
223,e,x,y,n,t,f,c,b,w,t,b,s,s,p,p,p,w,o,p,n,y,d
224,p,x,f,g,f,f,c,b,p,e,b,k,k,p,p,p,w,o,l,h,y,g
225,p,f,f,g,f,f,c,b,g,e,b,k,k,b,p,p,w,o,l,h,y,g
226,p,x,y,y,f,f,c,b,g,e,b,k,k,n,p,p,w,o,l,h,v,d
227,e,x,f,e,t,f,c,b,w,t,b,s,s,p,g,p,w,o,p,n,v,d
228,e,b,y,y,t,f,c,b,g,e,c,s,s,w,w,p,w,o,p,n,n,m
229,p,x,s,p,f,f,w,n,u,e,b,s,s,w,w,p,w,o,p,n,s,d
230,e,f,s,n,f,f,w,b,p,t,e,s,s,w,w,p,w,o,e,k,a,g
231,p,x,y,g,f,f,c,b,p,e,b,k,k,b,p,p,w,o,l,h,v,p
232,e,x,f,n,f,f,c,n,g,e,e,s,s,w,w,p,w,o,p,n,y,u
233,p,f,y,y,f,f,c,b,h,e,b,k,k,p,p,p,w,o,l,h,y,d
234,p,f,y,y,f,f,c,b,p,e,b,k,k,p,p,p,w,o,l,h,y,p
235,e,x,s,y,t,f,c,b,k,e,c,s,s,w,w,p,w,o,p,n,n,m
236,p,f,f,g,f,f,c,b,h,e,b,k,k,b,n,p,w,o,l,h,v,d
237,e,x,s,y,t,f,c,b,w,e,c,s,s,w,w,p,w,o,p,n,s,m
238,e,x,s,n,f,f,w,b,n,t,e,s,s,w,w,p,w,o,e,k,a,g
239,e,x,y,g,t,f,c,b,p,t,b,s,s,w,g,p,w,o,p,n,y,d
240,e,x,s,n,f,f,w,b,n,t,e,f,f,w,w,p,w,o,e,n,s,g
241,e,f,s,w,f,f,w,b,p,t,e,f,f,w,w,p,w,o,e,n,s,g
242,e,f,s,w,f,f,w,b,n,t,e,s,f,w,w,p,w,o,e,k,s,g
243,e,x,f,w,f,f,w,b,n,t,e,s,f,w,w,p,w,o,e,k,s,g
244,p,x,f,g,f,f,c,n,u,e,b,s,s,w,w,p,w,o,p,n,v,d
245,e,x,y,e,t,f,c,b,p,t,b,s,s,g,p,p,w,o,p,k,y,d
246,p,x,s,g,f,f,c,n,u,e,b,s,s,w,w,p,w,o,p,n,s,d
247,e,f,f,g,f,f,w,b,k,t,e,f,f,w,w,p,w,o,e,k,a,g
248,p,x,f,y,f,f,c,b,g,e,b,k,k,p,n,p,w,o,l,h,v,d
249,e,x,y,w,t,f,c,b,n,e,c,s,s,w,w,p,w,o,p,k,s,m
250,e,b,y,w,t,f,c,b,w,e,c,s,s,w,w,p,w,o,p,n,s,g
251,p,x,s,b,t,f,c,b,h,t,b,s,f,w,w,p,w,o,p,h,v,u
252,p,x,f,g,f,f,c,b,p,e,b,k,k,n,b,p,w,o,l,h,v,g
253,e,f,s,n,f,f,w,b,k,t,e,f,f,w,w,p,w,o,e,n,a,g
254,e,f,f,g,t,f,c,b,n,t,b,s,s,g,w,p,w,o,p,n,v,d
255,p,x,f,g,f,f,w,n,n,e,b,s,s,w,w,p,w,o,p,n,s,d
256,e,f,y,g,t,f,c,b,u,t,b,s,s,p,p,p,w,o,p,n,y,d
257,e,x,y,w,t,f,c,b,g,e,c,s,s,w,w,p,w,o,p,k,n,m
258,p,f,y,w,t,f,c,n,w,e,e,s,s,w,w,p,w,o,p,n,s,u
259,p,f,y,y,f,f,c,b,p,e,b,k,k,n,b,p,w,o,l,h,y,g
260,e,f,f,e,t,f,c,b,w,t,b,s,s,w,g,p,w,o,p,k,y,d
261,e,s,f,n,f,f,c,n,n,e,e,s,s,w,w,p,w,o,p,k,y,u
262,e,x,f,n,t,f,c,b,u,t,b,s,s,p,w,p,w,o,p,k,y,d
263,e,f,y,e,t,f,c,b,w,t,b,s,s,w,g,p,w,o,p,n,y,d
264,e,x,f,y,t,f,w,n,n,t,b,s,s,w,w,p,w,o,p,u,v,d
265,p,x,f,y,f,f,c,b,h,e,b,k,k,n,b,p,w,o,l,h,y,g
